2018.7.4,13:37:16,50125,CE-28-66-01-0B-00-12-E0,11717,1
2018.7.4,13:37:19,50128,CE-28-66-01-0B-00-12-E0,14120,1
2018.7.4,13:37:20,50140,CE-28-66-01-0B-00-12-E0,15463,1
2018.7.4,13:37:22,50144,CE-28-66-01-0B-00-12-E0,17232,1
2018.7.4,13:37:24,50124,CE-28-66-01-0B-00-12-E0,19292,1
2018.7.4,13:37:26,50130,CE-28-66-01-0B-00-12-E0,20981,1
2018.7.4,13:37:29,50145,CE-28-66-01-0B-00-12-E0,24177,1
2018.7.4,13:37:30,50136,CE-28-66-01-0B-00-12-E0,25569,1
2018.7.4,13:37:32,50132,CE-28-66-01-0B-00-12-E0,27799,1
2018.7.4,13:37:36,50120,CE-28-66-01-0B-00-12-E0,31152,1
2018.7.4,13:37:38,50150,CE-28-66-01-0B-00-12-E0,33542,1
2018.7.4,13:37:40,50121,CE-28-66-01-0B-00-12-E0,35540,1
2018.7.4,13:37:46,50149,CE-28-66-01-0B-00-12-E0,41826,1
2018.7.4,13:37:49,50135,CE-28-66-01-0B-00-12-E0,44898,1
2018.7.4,13:37:51,50134,CE-28-66-01-0B-00-12-E0,46513,1
2018.7.4,13:38:00,50151,CE-28-66-01-0B-00-12-E0,55142,1
2018.7.4,13:55:34,50140,1D-2B-66-01-0B-00-12-E0,1109044,1
2018.7.4,13:55:34,50140,1D-2B-66-01-0B-00-12-E0,1109746,0
2018.7.4,13:55:35,50140,1D-2B-66-01-0B-00-12-E0,1110097,0
2018.7.4,13:55:36,50140,1D-2B-66-01-0B-00-12-E0,1111402,0
2018.7.4,13:55:36,50140,1D-2B-66-01-0B-00-12-E0,1111785,0
2018.7.4,13:55:37,50140,1D-2B-66-01-0B-00-12-E0,1112776,0
2018.7.4,13:55:38,50140,1D-2B-66-01-0B-00-12-E0,1113162,0
2018.7.4,13:55:39,50140,1D-2B-66-01-0B-00-12-E0,1114128,0
2018.7.4,13:55:41,50140,1D-2B-66-01-0B-00-12-E0,1116071,0
2018.7.4,13:55:41,50140,1D-2B-66-01-0B-00-12-E0,1116421,0
2018.7.4,13:55:42,50140,1D-2B-66-01-0B-00-12-E0,1117429,0
2018.7.4,13:55:43,50140,1D-2B-66-01-0B-00-12-E0,1118096,0
2018.7.4,13:55:43,50140,1D-2B-66-01-0B-00-12-E0,1118760,0
2018.7.4,13:55:45,50140,1D-2B-66-01-0B-00-12-E0,1120089,0
2018.7.4,13:55:45,50140,1D-2B-66-01-0B-00-12-E0,1120789,0
2018.7.4,13:55:46,50140,1D-2B-66-01-0B-00-12-E0,1121454,0
2018.7.4,13:55:46,50140,1D-2B-66-01-0B-00-12-E0,1121834,0
2018.7.4,13:55:47,50140,1D-2B-66-01-0B-00-12-E0,1122493,0
2018.7.4,13:55:49,50140,1D-2B-66-01-0B-00-12-E0,1124435,0
2018.7.4,13:55:52,50140,1D-2B-66-01-0B-00-12-E0,1127613,0
2018.7.4,13:55:53,50140,1D-2B-66-01-0B-00-12-E0,1128579,0
2018.7.4,13:55:54,50124,E4-2B-66-01-0B-00-12-E0,1129408,1
2018.7.4,13:55:54,50140,1D-2B-66-01-0B-00-12-E0,1129586,0
2018.7.4,13:55:54,50124,E4-2B-66-01-0B-00-12-E0,1129838,0
2018.7.4,13:55:56,50140,1D-2B-66-01-0B-00-12-E0,1131189,0
2018.7.4,13:55:56,50124,E4-2B-66-01-0B-00-12-E0,1131675,0
2018.7.4,13:56:00,50140,1D-2B-66-01-0B-00-12-E0,1135622,0
2018.7.4,13:56:01,50140,1D-2B-66-01-0B-00-12-E0,1136322,0
2018.7.4,13:56:02,50140,1D-2B-66-01-0B-00-12-E0,1137602,0
2018.7.4,13:56:04,50140,1D-2B-66-01-0B-00-12-E0,1139238,0
2018.7.4,13:56:04,50140,1D-2B-66-01-0B-00-12-E0,1139904,0
2018.7.4,13:56:05,50140,1D-2B-66-01-0B-00-12-E0,1140905,0
2018.7.4,13:56:06,50140,1D-2B-66-01-0B-00-12-E0,1141271,0
2018.7.4,13:56:07,50140,1D-2B-66-01-0B-00-12-E0,1142551,0
2018.7.4,13:56:08,50140,1D-2B-66-01-0B-00-12-E0,1143244,0
2018.7.4,13:56:10,50140,1D-2B-66-01-0B-00-12-E0,1145486,0
2018.7.4,13:56:10,50140,1D-2B-66-01-0B-00-12-E0,1145865,0
2018.7.4,13:56:11,50140,1D-2B-66-01-0B-00-12-E0,1146243,0
2018.7.4,13:56:11,50140,1D-2B-66-01-0B-00-12-E0,1146905,0
2018.7.4,13:56:12,50140,1D-2B-66-01-0B-00-12-E0,1147272,0
2018.7.4,13:56:12,50140,1D-2B-66-01-0B-00-12-E0,1147671,0
2018.7.4,13:56:13,50140,1D-2B-66-01-0B-00-12-E0,1148038,0
2018.7.4,13:56:13,50140,1D-2B-66-01-0B-00-12-E0,1148371,0
2018.7.4,13:56:14,50140,1D-2B-66-01-0B-00-12-E0,1149371,0
2018.7.4,13:56:19,50140,1D-2B-66-01-0B-00-12-E0,1154405,0
2018.7.4,13:56:19,50140,1D-2B-66-01-0B-00-12-E0,1154806,0
2018.7.4,13:56:20,50140,1D-2B-66-01-0B-00-12-E0,1155172,0
2018.7.4,13:56:20,50140,1D-2B-66-01-0B-00-12-E0,1155538,0
2018.7.4,13:56:20,50140,1D-2B-66-01-0B-00-12-E0,1155905,0
2018.7.4,13:56:21,50140,1D-2B-66-01-0B-00-12-E0,1156270,0
2018.7.4,13:56:21,50140,1D-2B-66-01-0B-00-12-E0,1156637,0
2018.7.4,13:56:28,50140,1D-2B-66-01-0B-00-12-E0,1163506,0
2018.7.4,13:56:28,50140,1D-2B-66-01-0B-00-12-E0,1163905,0
2018.7.4,13:56:31,50140,1D-2B-66-01-0B-00-12-E0,1166139,0
2018.7.4,13:56:34,50134,C7-2B-66-01-0B-00-12-E0,1169857,1
2018.7.4,13:56:37,50134,C7-2B-66-01-0B-00-12-E0,1172390,0
2018.7.4,13:56:37,50134,C7-2B-66-01-0B-00-12-E0,1172757,0
2018.7.4,13:56:38,50140,1D-2B-66-01-0B-00-12-E0,1173829,0
2018.7.4,13:56:39,50140,1D-2B-66-01-0B-00-12-E0,1174201,0
2018.7.4,13:56:39,50140,1D-2B-66-01-0B-00-12-E0,1174572,0
2018.7.4,13:56:41,50134,C7-2B-66-01-0B-00-12-E0,1176705,0
2018.7.4,13:56:42,50134,C7-2B-66-01-0B-00-12-E0,1177375,0
2018.7.4,13:56:45,50124,E4-2B-66-01-0B-00-12-E0,1180545,1
2018.7.4,13:56:46,50124,E4-2B-66-01-0B-00-12-E0,1180945,0
2018.7.4,13:56:46,50124,E4-2B-66-01-0B-00-12-E0,1181378,0
2018.7.4,13:56:46,50124,E4-2B-66-01-0B-00-12-E0,1181815,0
2018.7.4,13:56:47,50124,E4-2B-66-01-0B-00-12-E0,1182233,0
2018.7.4,13:56:48,50124,E4-2B-66-01-0B-00-12-E0,1182995,0
2018.7.4,13:56:48,50124,E4-2B-66-01-0B-00-12-E0,1183499,0
2018.7.4,13:56:48,50124,E4-2B-66-01-0B-00-12-E0,1183856,0
2018.7.4,13:57:03,50134,C7-2B-66-01-0B-00-12-E0,1198593,0
2018.7.4,13:57:16,50121,55-2C-66-01-0B-00-12-E0,1211807,1
2018.7.4,13:57:22,50140,1D-2B-66-01-0B-00-12-E0,1217421,1
2018.7.4,13:57:22,50140,1D-2B-66-01-0B-00-12-E0,1217763,0
2018.7.4,13:57:23,50140,1D-2B-66-01-0B-00-12-E0,1218146,0
2018.7.4,13:57:29,50134,C7-2B-66-01-0B-00-12-E0,1224008,0
2018.7.4,13:57:29,50134,C7-2B-66-01-0B-00-12-E0,1224389,0
2018.7.4,13:57:29,50134,C7-2B-66-01-0B-00-12-E0,1224766,0
2018.7.4,13:57:30,50134,C7-2B-66-01-0B-00-12-E0,1225735,0
2018.7.4,13:57:31,50134,C7-2B-66-01-0B-00-12-E0,1226118,0
2018.7.4,13:57:31,50134,C7-2B-66-01-0B-00-12-E0,1226808,0
2018.7.4,13:57:32,50140,1D-2B-66-01-0B-00-12-E0,1227287,0
2018.7.4,13:57:32,50134,C7-2B-66-01-0B-00-12-E0,1227840,0
2018.7.4,13:57:33,50134,C7-2B-66-01-0B-00-12-E0,1228220,0
2018.7.4,13:57:42,50134,C7-2B-66-01-0B-00-12-E0,1237631,0
2018.7.4,13:57:43,50134,C7-2B-66-01-0B-00-12-E0,1238631,0
2018.7.4,13:57:44,50134,C7-2B-66-01-0B-00-12-E0,1238965,0
2018.7.4,13:57:48,50124,E4-2B-66-01-0B-00-12-E0,1243137,1
2018.7.4,13:57:48,50124,E4-2B-66-01-0B-00-12-E0,1243566,0
2018.7.4,13:57:49,50124,E4-2B-66-01-0B-00-12-E0,1243996,0
2018.7.4,13:57:49,50124,E4-2B-66-01-0B-00-12-E0,1244430,0
2018.7.4,13:57:49,50124,E4-2B-66-01-0B-00-12-E0,1244830,0
2018.7.4,13:57:53,50124,E4-2B-66-01-0B-00-12-E0,1248448,0
2018.7.4,13:57:54,50124,E4-2B-66-01-0B-00-12-E0,1249240,0
2018.7.4,13:57:54,50124,E4-2B-66-01-0B-00-12-E0,1249655,0
2018.7.4,13:57:55,50124,E4-2B-66-01-0B-00-12-E0,1250058,0
2018.7.4,13:58:13,50124,E4-2B-66-01-0B-00-12-E0,1268333,0
2018.7.4,13:58:13,50124,E4-2B-66-01-0B-00-12-E0,1268742,0
2018.7.4,13:58:14,50124,E4-2B-66-01-0B-00-12-E0,1269158,0
2018.7.4,13:58:14,50124,E4-2B-66-01-0B-00-12-E0,1269609,0
2018.7.4,13:58:15,50124,E4-2B-66-01-0B-00-12-E0,1269988,0
2018.7.4,13:58:15,50124,E4-2B-66-01-0B-00-12-E0,1270402,0
2018.7.4,13:58:15,50124,E4-2B-66-01-0B-00-12-E0,1270848,0
2018.7.4,13:58:16,50124,E4-2B-66-01-0B-00-12-E0,1271263,0
2018.7.4,13:58:17,50124,E4-2B-66-01-0B-00-12-E0,1272399,0
2018.7.4,13:58:17,50124,E4-2B-66-01-0B-00-12-E0,1272799,0
2018.7.4,13:58:18,50124,E4-2B-66-01-0B-00-12-E0,1273233,0
2018.7.4,13:58:18,50124,E4-2B-66-01-0B-00-12-E0,1273685,0
2018.7.4,13:58:19,50124,E4-2B-66-01-0B-00-12-E0,1274097,0
2018.7.4,13:58:19,50124,E4-2B-66-01-0B-00-12-E0,1274515,0
2018.7.4,13:58:20,50124,E4-2B-66-01-0B-00-12-E0,1275270,0
2018.7.4,13:58:26,50124,E4-2B-66-01-0B-00-12-E0,1281403,0
2018.7.4,13:58:28,50124,E4-2B-66-01-0B-00-12-E0,1283282,0
2018.7.4,13:58:28,50124,E4-2B-66-01-0B-00-12-E0,1283667,0
2018.7.4,13:58:29,50124,E4-2B-66-01-0B-00-12-E0,1284083,0
2018.7.4,13:58:30,50124,E4-2B-66-01-0B-00-12-E0,1285204,0
2018.7.4,13:58:30,50124,E4-2B-66-01-0B-00-12-E0,1285859,0
2018.7.4,13:58:31,50124,E4-2B-66-01-0B-00-12-E0,1286448,0
2018.7.4,13:58:48,50124,E4-2B-66-01-0B-00-12-E0,1303884,0
2018.7.4,13:58:49,50124,E4-2B-66-01-0B-00-12-E0,1304287,0
2018.7.4,13:58:49,50124,E4-2B-66-01-0B-00-12-E0,1304718,0
2018.7.4,13:58:50,50134,C7-2B-66-01-0B-00-12-E0,1304967,1
2018.7.4,13:58:50,50124,E4-2B-66-01-0B-00-12-E0,1305185,0
2018.7.4,13:58:50,50134,C7-2B-66-01-0B-00-12-E0,1305333,0
2018.7.4,13:58:50,50124,E4-2B-66-01-0B-00-12-E0,1305585,0
2018.7.4,13:58:51,50124,E4-2B-66-01-0B-00-12-E0,1305984,0
2018.7.4,13:58:51,50124,E4-2B-66-01-0B-00-12-E0,1306418,0
2018.7.4,13:58:51,50124,E4-2B-66-01-0B-00-12-E0,1306851,0
2018.7.4,13:58:53,50134,C7-2B-66-01-0B-00-12-E0,1308535,0
2018.7.4,13:58:54,50134,C7-2B-66-01-0B-00-12-E0,1308935,0
2018.7.4,13:58:54,50124,E4-2B-66-01-0B-00-12-E0,1309052,0
2018.7.4,13:58:54,50134,C7-2B-66-01-0B-00-12-E0,1309264,0
2018.7.4,13:58:54,50124,E4-2B-66-01-0B-00-12-E0,1309448,0
2018.7.4,13:58:54,50134,C7-2B-66-01-0B-00-12-E0,1309630,0
2018.7.4,13:58:56,50134,C7-2B-66-01-0B-00-12-E0,1310941,0
2018.7.4,13:58:56,50134,C7-2B-66-01-0B-00-12-E0,1311918,0
2018.7.4,13:58:57,50134,C7-2B-66-01-0B-00-12-E0,1312286,0
2018.7.4,13:58:58,50134,C7-2B-66-01-0B-00-12-E0,1313901,0
2018.7.4,13:59:00,50134,C7-2B-66-01-0B-00-12-E0,1315203,0
2018.7.4,13:59:02,50134,C7-2B-66-01-0B-00-12-E0,1317135,0
2018.7.4,13:59:02,50134,C7-2B-66-01-0B-00-12-E0,1317534,0
2018.7.4,13:59:03,50134,C7-2B-66-01-0B-00-12-E0,1318485,0
2018.7.4,13:59:03,50134,C7-2B-66-01-0B-00-12-E0,1318853,0
2018.7.4,13:59:04,50134,C7-2B-66-01-0B-00-12-E0,1319253,0
2018.7.4,13:59:04,50134,C7-2B-66-01-0B-00-12-E0,1319919,0
2018.7.4,13:59:05,50134,C7-2B-66-01-0B-00-12-E0,1320286,0
2018.7.4,13:59:06,50134,C7-2B-66-01-0B-00-12-E0,1321286,0
2018.7.4,13:59:07,50134,C7-2B-66-01-0B-00-12-E0,1321976,0
2018.7.4,13:59:07,50134,C7-2B-66-01-0B-00-12-E0,1322331,0
2018.7.4,13:59:08,50134,C7-2B-66-01-0B-00-12-E0,1323044,0
2018.7.4,13:59:08,50134,C7-2B-66-01-0B-00-12-E0,1323411,0
2018.7.4,13:59:09,50134,C7-2B-66-01-0B-00-12-E0,1324065,0
2018.7.4,13:59:09,50134,C7-2B-66-01-0B-00-12-E0,1324441,0
2018.7.4,13:59:09,50134,C7-2B-66-01-0B-00-12-E0,1324823,0
2018.7.4,13:59:10,50134,C7-2B-66-01-0B-00-12-E0,1325489,0
2018.7.4,13:59:11,50134,C7-2B-66-01-0B-00-12-E0,1326469,0
2018.7.4,13:59:11,50134,C7-2B-66-01-0B-00-12-E0,1326851,0
2018.7.4,13:59:13,50134,C7-2B-66-01-0B-00-12-E0,1328446,0
2018.7.4,13:59:13,50134,C7-2B-66-01-0B-00-12-E0,1328861,0
2018.7.4,13:59:14,50134,C7-2B-66-01-0B-00-12-E0,1329205,0
2018.7.4,13:59:14,50134,C7-2B-66-01-0B-00-12-E0,1329552,0
2018.7.4,13:59:15,50134,C7-2B-66-01-0B-00-12-E0,1329936,0
2018.7.4,13:59:16,50134,C7-2B-66-01-0B-00-12-E0,1331858,0
2018.7.4,13:59:20,50124,E4-2B-66-01-0B-00-12-E0,1335171,0
2018.7.4,13:59:21,50124,E4-2B-66-01-0B-00-12-E0,1335939,0
2018.7.4,13:59:21,50124,E4-2B-66-01-0B-00-12-E0,1336343,0
2018.7.4,13:59:21,50124,E4-2B-66-01-0B-00-12-E0,1336755,0
2018.7.4,13:59:22,50124,E4-2B-66-01-0B-00-12-E0,1337162,0
2018.7.4,13:59:22,50134,C7-2B-66-01-0B-00-12-E0,1337504,0
2018.7.4,13:59:22,50134,C7-2B-66-01-0B-00-12-E0,1337871,0
2018.7.4,13:59:23,50124,E4-2B-66-01-0B-00-12-E0,1337957,0
2018.7.4,13:59:23,50134,C7-2B-66-01-0B-00-12-E0,1338239,0
2018.7.4,13:59:23,50124,E4-2B-66-01-0B-00-12-E0,1338389,0
2018.7.4,13:59:23,50134,C7-2B-66-01-0B-00-12-E0,1338639,0
2018.7.4,13:59:24,50134,C7-2B-66-01-0B-00-12-E0,1339039,0
2018.7.4,13:59:24,50134,C7-2B-66-01-0B-00-12-E0,1339672,0
2018.7.4,13:59:25,50134,C7-2B-66-01-0B-00-12-E0,1340039,0
2018.7.4,13:59:25,50124,E4-2B-66-01-0B-00-12-E0,1340592,0
2018.7.4,13:59:26,50124,E4-2B-66-01-0B-00-12-E0,1340991,0
2018.7.4,13:59:26,50124,E4-2B-66-01-0B-00-12-E0,1341425,0
2018.7.4,13:59:27,50124,E4-2B-66-01-0B-00-12-E0,1342559,0
2018.7.4,13:59:27,50134,C7-2B-66-01-0B-00-12-E0,1342908,0
2018.7.4,13:59:28,50134,C7-2B-66-01-0B-00-12-E0,1343919,0
2018.7.4,13:59:29,50134,C7-2B-66-01-0B-00-12-E0,1344254,0
2018.7.4,13:59:34,50134,C7-2B-66-01-0B-00-12-E0,1349302,0
2018.7.4,13:59:34,50134,C7-2B-66-01-0B-00-12-E0,1349680,0
2018.7.4,13:59:35,50134,C7-2B-66-01-0B-00-12-E0,1350061,0
2018.7.4,13:59:35,50134,C7-2B-66-01-0B-00-12-E0,1350438,0
2018.7.4,13:59:35,50134,C7-2B-66-01-0B-00-12-E0,1350810,0
2018.7.4,13:59:36,50134,C7-2B-66-01-0B-00-12-E0,1351460,0
2018.7.4,13:59:36,50134,C7-2B-66-01-0B-00-12-E0,1351840,0
2018.7.4,13:59:37,50134,C7-2B-66-01-0B-00-12-E0,1352217,0
2018.7.4,13:59:38,50134,C7-2B-66-01-0B-00-12-E0,1353805,0
2018.7.4,13:59:39,50134,C7-2B-66-01-0B-00-12-E0,1354171,0
2018.7.4,13:59:40,50134,C7-2B-66-01-0B-00-12-E0,1355172,0
2018.7.4,13:59:42,50134,C7-2B-66-01-0B-00-12-E0,1357140,0
2018.7.4,13:59:42,50134,C7-2B-66-01-0B-00-12-E0,1357505,0
2018.7.4,13:59:42,50134,C7-2B-66-01-0B-00-12-E0,1357872,0
2018.7.4,13:59:43,50134,C7-2B-66-01-0B-00-12-E0,1358241,0
2018.7.4,13:59:43,50134,C7-2B-66-01-0B-00-12-E0,1358607,0
2018.7.4,13:59:44,50134,C7-2B-66-01-0B-00-12-E0,1358973,0
2018.7.4,13:59:44,50134,C7-2B-66-01-0B-00-12-E0,1359340,0
2018.7.4,13:59:44,50134,C7-2B-66-01-0B-00-12-E0,1359673,0
2018.7.4,13:59:45,50134,C7-2B-66-01-0B-00-12-E0,1360673,0
2018.7.4,13:59:46,50134,C7-2B-66-01-0B-00-12-E0,1361373,0
2018.7.4,13:59:46,50134,C7-2B-66-01-0B-00-12-E0,1361741,0
2018.7.4,13:59:48,50134,C7-2B-66-01-0B-00-12-E0,1363061,0
2018.7.4,13:59:48,50134,C7-2B-66-01-0B-00-12-E0,1363402,0
2018.7.4,13:59:48,50134,C7-2B-66-01-0B-00-12-E0,1363801,0
2018.7.4,13:59:49,50134,C7-2B-66-01-0B-00-12-E0,1364173,0
2018.7.4,13:59:49,50134,C7-2B-66-01-0B-00-12-E0,1364505,0
2018.7.4,13:59:49,50134,C7-2B-66-01-0B-00-12-E0,1364873,0
2018.7.4,13:59:54,50134,C7-2B-66-01-0B-00-12-E0,1368987,0
2018.7.4,13:59:56,50124,E4-2B-66-01-0B-00-12-E0,1371135,0
2018.7.4,13:59:56,50124,E4-2B-66-01-0B-00-12-E0,1371536,0
2018.7.4,13:59:57,50124,E4-2B-66-01-0B-00-12-E0,1371968,0
2018.7.4,13:59:57,50134,C7-2B-66-01-0B-00-12-E0,1372781,0
2018.7.4,13:59:58,50124,E4-2B-66-01-0B-00-12-E0,1373108,0
2018.7.4,13:59:58,50124,E4-2B-66-01-0B-00-12-E0,1373540,0
2018.7.4,13:59:59,50134,C7-2B-66-01-0B-00-12-E0,1374124,0
2018.7.4,14:00:07,50134,C7-2B-66-01-0B-00-12-E0,1382878,0
2018.7.4,14:00:08,50134,C7-2B-66-01-0B-00-12-E0,1383557,0
2018.7.4,14:00:09,50134,C7-2B-66-01-0B-00-12-E0,1384211,0
2018.7.4,14:00:09,50134,C7-2B-66-01-0B-00-12-E0,1384917,0
2018.7.4,14:00:10,50134,C7-2B-66-01-0B-00-12-E0,1385260,0
2018.7.4,14:00:10,50134,C7-2B-66-01-0B-00-12-E0,1385639,0
2018.7.4,14:00:16,50124,E4-2B-66-01-0B-00-12-E0,1391461,0
2018.7.4,14:00:16,50134,C7-2B-66-01-0B-00-12-E0,1391609,0
2018.7.4,14:00:17,50134,C7-2B-66-01-0B-00-12-E0,1391978,0
2018.7.4,14:00:17,50124,E4-2B-66-01-0B-00-12-E0,1392200,0
2018.7.4,14:00:17,50134,C7-2B-66-01-0B-00-12-E0,1392678,0
2018.7.4,14:00:18,50134,C7-2B-66-01-0B-00-12-E0,1393011,0
2018.7.4,14:00:18,50134,C7-2B-66-01-0B-00-12-E0,1393379,0
2018.7.4,14:00:19,50134,C7-2B-66-01-0B-00-12-E0,1394701,0
2018.7.4,14:00:19,50124,E4-2B-66-01-0B-00-12-E0,1394753,0
2018.7.4,14:00:20,50134,C7-2B-66-01-0B-00-12-E0,1395395,0
2018.7.4,14:00:20,50124,E4-2B-66-01-0B-00-12-E0,1395516,0
2018.7.4,14:00:21,50124,E4-2B-66-01-0B-00-12-E0,1395964,0
2018.7.4,14:00:24,50124,E4-2B-66-01-0B-00-12-E0,1399220,0
2018.7.4,14:00:25,50124,E4-2B-66-01-0B-00-12-E0,1400342,0
2018.7.4,14:00:26,50124,E4-2B-66-01-0B-00-12-E0,1401126,0
2018.7.4,14:00:27,50124,E4-2B-66-01-0B-00-12-E0,1401945,0
2018.7.4,14:00:27,50124,E4-2B-66-01-0B-00-12-E0,1402732,0
2018.7.4,14:00:28,50124,E4-2B-66-01-0B-00-12-E0,1403828,0
2018.7.4,14:00:46,50134,C7-2B-66-01-0B-00-12-E0,1421849,0
2018.7.4,14:00:47,50134,C7-2B-66-01-0B-00-12-E0,1422519,0
2018.7.4,14:00:47,50134,C7-2B-66-01-0B-00-12-E0,1422897,0
2018.7.4,14:00:49,50134,C7-2B-66-01-0B-00-12-E0,1424521,0
2018.7.4,14:01:17,50121,55-2C-66-01-0B-00-12-E0,1452773,1
2018.7.4,14:01:22,50134,C7-2B-66-01-0B-00-12-E0,1457861,1
2018.7.4,14:01:24,50134,C7-2B-66-01-0B-00-12-E0,1459765,0
2018.7.4,14:01:25,50134,C7-2B-66-01-0B-00-12-E0,1460427,0
2018.7.4,14:01:26,50134,C7-2B-66-01-0B-00-12-E0,1461087,0
2018.7.4,14:01:27,50134,C7-2B-66-01-0B-00-12-E0,1462433,0
2018.7.4,14:01:28,50134,C7-2B-66-01-0B-00-12-E0,1463387,0
2018.7.4,14:01:28,50134,C7-2B-66-01-0B-00-12-E0,1463754,0
2018.7.4,14:01:42,50140,1D-2B-66-01-0B-00-12-E0,1477296,1
2018.7.4,14:01:44,50128,DA-2B-66-01-0B-00-12-E0,1479344,1
2018.7.4,14:01:45,50128,DA-2B-66-01-0B-00-12-E0,1479971,0
2018.7.4,14:01:46,50134,C7-2B-66-01-0B-00-12-E0,1481282,0
2018.7.4,14:01:47,50134,C7-2B-66-01-0B-00-12-E0,1482624,0
2018.7.4,14:01:55,50121,55-2C-66-01-0B-00-12-E0,1490216,1
2018.7.4,14:02:00,50121,55-2C-66-01-0B-00-12-E0,1495279,0
2018.7.4,14:02:01,50121,55-2C-66-01-0B-00-12-E0,1496041,0
2018.7.4,14:02:01,50121,55-2C-66-01-0B-00-12-E0,1496459,0
2018.7.4,14:02:01,50121,55-2C-66-01-0B-00-12-E0,1496872,0
2018.7.4,14:02:02,50121,55-2C-66-01-0B-00-12-E0,1497331,0
2018.7.4,14:02:02,50121,55-2C-66-01-0B-00-12-E0,1497761,0
2018.7.4,14:02:03,50121,55-2C-66-01-0B-00-12-E0,1498160,0
2018.7.4,14:02:03,50121,55-2C-66-01-0B-00-12-E0,1498583,0
2018.7.4,14:02:04,50121,55-2C-66-01-0B-00-12-E0,1499014,0
2018.7.4,14:02:04,50121,55-2C-66-01-0B-00-12-E0,1499449,0
2018.7.4,14:02:04,50121,55-2C-66-01-0B-00-12-E0,1499848,0
2018.7.4,14:02:05,50121,55-2C-66-01-0B-00-12-E0,1500281,0
2018.7.4,14:02:05,50121,55-2C-66-01-0B-00-12-E0,1500714,0
2018.7.4,14:02:15,50121,55-2C-66-01-0B-00-12-E0,1510739,0
2018.7.4,14:02:24,50121,55-2C-66-01-0B-00-12-E0,1519352,0
2018.7.4,14:02:25,50121,55-2C-66-01-0B-00-12-E0,1520450,0
2018.7.4,14:02:25,50121,55-2C-66-01-0B-00-12-E0,1520883,0
2018.7.4,14:02:27,50121,55-2C-66-01-0B-00-12-E0,1522716,0
2018.7.4,14:02:28,50121,55-2C-66-01-0B-00-12-E0,1523517,0
2018.7.4,14:02:28,50121,55-2C-66-01-0B-00-12-E0,1523917,0
2018.7.4,14:02:30,50121,55-2C-66-01-0B-00-12-E0,1525756,0
2018.7.4,14:02:31,50121,55-2C-66-01-0B-00-12-E0,1526184,0
2018.7.4,14:02:31,50121,55-2C-66-01-0B-00-12-E0,1526627,0
2018.7.4,14:02:32,50121,55-2C-66-01-0B-00-12-E0,1527062,0
2018.7.4,14:02:32,50121,55-2C-66-01-0B-00-12-E0,1527465,0
2018.7.4,14:02:32,50121,55-2C-66-01-0B-00-12-E0,1527866,0
2018.7.4,14:02:33,50121,55-2C-66-01-0B-00-12-E0,1528301,0
2018.7.4,14:02:33,50121,55-2C-66-01-0B-00-12-E0,1528733,0
2018.7.4,14:02:34,50121,55-2C-66-01-0B-00-12-E0,1529133,0
2018.7.4,14:02:34,50121,55-2C-66-01-0B-00-12-E0,1529900,0
2018.7.4,14:02:35,50121,55-2C-66-01-0B-00-12-E0,1530341,0
2018.7.4,14:02:35,50121,55-2C-66-01-0B-00-12-E0,1530784,0
2018.7.4,14:02:36,50121,55-2C-66-01-0B-00-12-E0,1531219,0
2018.7.4,14:02:37,50121,55-2C-66-01-0B-00-12-E0,1531968,0
2018.7.4,14:02:37,50121,55-2C-66-01-0B-00-12-E0,1532368,0
2018.7.4,14:02:37,50121,55-2C-66-01-0B-00-12-E0,1532812,0
2018.7.4,14:02:38,50121,55-2C-66-01-0B-00-12-E0,1533218,0
2018.7.4,14:02:38,50121,55-2C-66-01-0B-00-12-E0,1533650,0
2018.7.4,14:02:46,50121,55-2C-66-01-0B-00-12-E0,1541551,0
2018.7.4,14:02:47,50121,55-2C-66-01-0B-00-12-E0,1541983,0
2018.7.4,14:03:07,50121,55-2C-66-01-0B-00-12-E0,1561953,0
2018.7.4,14:03:07,50121,55-2C-66-01-0B-00-12-E0,1562386,0
2018.7.4,14:03:07,50121,55-2C-66-01-0B-00-12-E0,1562787,0
2018.7.4,14:03:08,50121,55-2C-66-01-0B-00-12-E0,1563200,0
2018.7.4,14:03:08,50121,55-2C-66-01-0B-00-12-E0,1563638,0
2018.7.4,14:03:08,50145,19-2B-66-01-0B-00-12-E0,1563874,1
2018.7.4,14:03:09,50145,19-2B-66-01-0B-00-12-E0,1564307,0
2018.7.4,14:03:09,50145,19-2B-66-01-0B-00-12-E0,1564741,0
2018.7.4,14:03:11,50145,19-2B-66-01-0B-00-12-E0,1566552,0
2018.7.4,14:03:12,50145,19-2B-66-01-0B-00-12-E0,1567695,0
2018.7.4,14:03:13,50145,19-2B-66-01-0B-00-12-E0,1568108,0
2018.7.4,14:03:13,50121,55-2C-66-01-0B-00-12-E0,1568729,0
2018.7.4,14:03:13,50145,19-2B-66-01-0B-00-12-E0,1568873,0
2018.7.4,14:03:14,50121,55-2C-66-01-0B-00-12-E0,1569134,0
2018.7.4,14:03:14,50145,19-2B-66-01-0B-00-12-E0,1569271,0
2018.7.4,14:03:14,50121,55-2C-66-01-0B-00-12-E0,1569534,0
2018.7.4,14:03:15,50121,55-2C-66-01-0B-00-12-E0,1569964,0
2018.7.4,14:03:15,50121,55-2C-66-01-0B-00-12-E0,1570394,0
2018.7.4,14:03:15,50121,55-2C-66-01-0B-00-12-E0,1570822,0
2018.7.4,14:03:20,50124,E4-2B-66-01-0B-00-12-E0,1575014,1
2018.7.4,14:03:20,50124,E4-2B-66-01-0B-00-12-E0,1575413,0
2018.7.4,14:03:20,50124,E4-2B-66-01-0B-00-12-E0,1575844,0
2018.7.4,14:03:21,50124,E4-2B-66-01-0B-00-12-E0,1576276,0
2018.7.4,14:03:21,50124,E4-2B-66-01-0B-00-12-E0,1576679,0
2018.7.4,14:03:22,50124,E4-2B-66-01-0B-00-12-E0,1577111,0
2018.7.4,14:03:22,50124,E4-2B-66-01-0B-00-12-E0,1577513,0
2018.7.4,14:03:29,50124,E4-2B-66-01-0B-00-12-E0,1583988,0
2018.7.4,14:03:29,50124,E4-2B-66-01-0B-00-12-E0,1584428,0
2018.7.4,14:03:30,50124,E4-2B-66-01-0B-00-12-E0,1585202,0
2018.7.4,14:03:30,50124,E4-2B-66-01-0B-00-12-E0,1585635,0
2018.7.4,14:03:30,50121,55-2C-66-01-0B-00-12-E0,1585837,0
2018.7.4,14:03:31,50124,E4-2B-66-01-0B-00-12-E0,1586132,0
2018.7.4,14:03:31,50121,55-2C-66-01-0B-00-12-E0,1586303,0
2018.7.4,14:03:31,50124,E4-2B-66-01-0B-00-12-E0,1586597,0
2018.7.4,14:03:32,50124,E4-2B-66-01-0B-00-12-E0,1587034,0
2018.7.4,14:03:32,50124,E4-2B-66-01-0B-00-12-E0,1587465,0
2018.7.4,14:03:32,50124,E4-2B-66-01-0B-00-12-E0,1587881,0
2018.7.4,14:03:33,50124,E4-2B-66-01-0B-00-12-E0,1588301,0
2018.7.4,14:03:35,50124,E4-2B-66-01-0B-00-12-E0,1590132,0
2018.7.4,14:03:35,50124,E4-2B-66-01-0B-00-12-E0,1590547,0
2018.7.4,14:03:35,50145,19-2B-66-01-0B-00-12-E0,1590693,0
2018.7.4,14:03:36,50124,E4-2B-66-01-0B-00-12-E0,1590990,0
2018.7.4,14:03:36,50145,19-2B-66-01-0B-00-12-E0,1591102,0
2018.7.4,14:03:36,50124,E4-2B-66-01-0B-00-12-E0,1591406,0
2018.7.4,14:03:36,50145,19-2B-66-01-0B-00-12-E0,1591897,0
2018.7.4,14:03:37,50121,55-2C-66-01-0B-00-12-E0,1592648,0
2018.7.4,14:03:38,50124,E4-2B-66-01-0B-00-12-E0,1592949,0
2018.7.4,14:03:38,50121,55-2C-66-01-0B-00-12-E0,1593159,0
2018.7.4,14:03:38,50145,19-2B-66-01-0B-00-12-E0,1593402,0
2018.7.4,14:03:38,50124,E4-2B-66-01-0B-00-12-E0,1593458,0
2018.7.4,14:03:38,50124,E4-2B-66-01-0B-00-12-E0,1593869,0
2018.7.4,14:03:39,50145,19-2B-66-01-0B-00-12-E0,1594154,0
2018.7.4,14:03:39,50124,E4-2B-66-01-0B-00-12-E0,1594281,0
2018.7.4,14:03:39,50145,19-2B-66-01-0B-00-12-E0,1594569,0
2018.7.4,14:03:40,50145,19-2B-66-01-0B-00-12-E0,1594984,0
2018.7.4,14:03:40,50124,E4-2B-66-01-0B-00-12-E0,1595039,0
2018.7.4,14:03:40,50145,19-2B-66-01-0B-00-12-E0,1595396,0
2018.7.4,14:03:41,50145,19-2B-66-01-0B-00-12-E0,1596499,0
2018.7.4,14:03:41,50145,19-2B-66-01-0B-00-12-E0,1596914,0
2018.7.4,14:03:42,50145,19-2B-66-01-0B-00-12-E0,1597333,0
2018.7.4,14:03:42,50124,E4-2B-66-01-0B-00-12-E0,1597601,0
2018.7.4,14:03:43,50124,E4-2B-66-01-0B-00-12-E0,1598719,0
2018.7.4,14:03:44,50145,19-2B-66-01-0B-00-12-E0,1599179,0
2018.7.4,14:03:44,50145,19-2B-66-01-0B-00-12-E0,1599596,0
2018.7.4,14:03:45,50145,19-2B-66-01-0B-00-12-E0,1600015,0
2018.7.4,14:03:45,50145,19-2B-66-01-0B-00-12-E0,1600431,0
2018.7.4,14:03:45,50145,19-2B-66-01-0B-00-12-E0,1600830,0
2018.7.4,14:03:45,50124,E4-2B-66-01-0B-00-12-E0,1600917,0
2018.7.4,14:03:46,50145,19-2B-66-01-0B-00-12-E0,1601260,0
2018.7.4,14:03:46,50124,E4-2B-66-01-0B-00-12-E0,1601347,0
2018.7.4,14:03:46,50145,19-2B-66-01-0B-00-12-E0,1601660,0
2018.7.4,14:03:47,50124,E4-2B-66-01-0B-00-12-E0,1602148,0
2018.7.4,14:03:47,50134,C7-2B-66-01-0B-00-12-E0,1602397,1
2018.7.4,14:03:47,50124,E4-2B-66-01-0B-00-12-E0,1602587,0
2018.7.4,14:03:48,50134,C7-2B-66-01-0B-00-12-E0,1603077,0
2018.7.4,14:03:48,50145,19-2B-66-01-0B-00-12-E0,1603107,0
2018.7.4,14:03:48,50145,19-2B-66-01-0B-00-12-E0,1603541,0
2018.7.4,14:03:49,50134,C7-2B-66-01-0B-00-12-E0,1604049,0
2018.7.4,14:03:49,50145,19-2B-66-01-0B-00-12-E0,1604313,0
2018.7.4,14:03:49,50134,C7-2B-66-01-0B-00-12-E0,1604449,0
2018.7.4,14:03:50,50134,C7-2B-66-01-0B-00-12-E0,1605112,0
2018.7.4,14:03:50,50145,19-2B-66-01-0B-00-12-E0,1605445,0
2018.7.4,14:03:50,50134,C7-2B-66-01-0B-00-12-E0,1605781,0
2018.7.4,14:03:50,50145,19-2B-66-01-0B-00-12-E0,1605844,0
2018.7.4,14:03:51,50124,E4-2B-66-01-0B-00-12-E0,1606163,0
2018.7.4,14:03:51,50145,19-2B-66-01-0B-00-12-E0,1606244,0
2018.7.4,14:03:51,50134,C7-2B-66-01-0B-00-12-E0,1606479,0
2018.7.4,14:03:51,50124,E4-2B-66-01-0B-00-12-E0,1606564,0
2018.7.4,14:03:51,50145,19-2B-66-01-0B-00-12-E0,1606675,0
2018.7.4,14:03:51,50134,C7-2B-66-01-0B-00-12-E0,1606844,0
2018.7.4,14:03:52,50145,19-2B-66-01-0B-00-12-E0,1607105,0
2018.7.4,14:03:52,50134,C7-2B-66-01-0B-00-12-E0,1607242,0
2018.7.4,14:03:52,50124,E4-2B-66-01-0B-00-12-E0,1607360,0
2018.7.4,14:03:52,50145,19-2B-66-01-0B-00-12-E0,1607505,0
2018.7.4,14:03:52,50124,E4-2B-66-01-0B-00-12-E0,1607795,0
WARNING: 2 RFID event happened before it was written to file.
2018.7.4,14:03:52,50134,C7-2B-66-01-0B-00-12-E0,1607911,0
2018.7.4,14:03:53,50124,E4-2B-66-01-0B-00-12-E0,1608195,0
2018.7.4,14:03:53,50124,E4-2B-66-01-0B-00-12-E0,1608629,0
2018.7.4,14:03:58,50121,55-2C-66-01-0B-00-12-E0,1613105,0
2018.7.4,14:03:58,50121,55-2C-66-01-0B-00-12-E0,1613536,0
2018.7.4,14:03:59,50121,55-2C-66-01-0B-00-12-E0,1613966,0
2018.7.4,14:03:59,50121,55-2C-66-01-0B-00-12-E0,1614367,0
2018.7.4,14:03:59,50124,E4-2B-66-01-0B-00-12-E0,1614661,0
2018.7.4,14:03:59,50121,55-2C-66-01-0B-00-12-E0,1614865,0
2018.7.4,14:04:00,50124,E4-2B-66-01-0B-00-12-E0,1615159,0
2018.7.4,14:04:00,50121,55-2C-66-01-0B-00-12-E0,1615334,0
2018.7.4,14:04:00,50124,E4-2B-66-01-0B-00-12-E0,1615606,0
2018.7.4,14:04:00,50121,55-2C-66-01-0B-00-12-E0,1615815,0
2018.7.4,14:04:01,50124,E4-2B-66-01-0B-00-12-E0,1616109,0
2018.7.4,14:04:01,50121,55-2C-66-01-0B-00-12-E0,1616322,0
2018.7.4,14:04:01,50124,E4-2B-66-01-0B-00-12-E0,1616583,0
2018.7.4,14:04:01,50121,55-2C-66-01-0B-00-12-E0,1616788,0
2018.7.4,14:04:02,50124,E4-2B-66-01-0B-00-12-E0,1617083,0
2018.7.4,14:04:02,50121,55-2C-66-01-0B-00-12-E0,1617290,0
2018.7.4,14:04:02,50124,E4-2B-66-01-0B-00-12-E0,1617550,0
2018.7.4,14:04:02,50121,55-2C-66-01-0B-00-12-E0,1617755,0
2018.7.4,14:04:03,50124,E4-2B-66-01-0B-00-12-E0,1618384,0
2018.7.4,14:04:03,50124,E4-2B-66-01-0B-00-12-E0,1618850,0
2018.7.4,14:04:04,50145,19-2B-66-01-0B-00-12-E0,1618995,0
2018.7.4,14:04:04,50145,19-2B-66-01-0B-00-12-E0,1619463,0
2018.7.4,14:04:04,50124,E4-2B-66-01-0B-00-12-E0,1619617,0
2018.7.4,14:04:04,50134,C7-2B-66-01-0B-00-12-E0,1619766,0
2018.7.4,14:04:04,50145,19-2B-66-01-0B-00-12-E0,1619896,0
2018.7.4,14:04:05,50124,E4-2B-66-01-0B-00-12-E0,1620016,0
2018.7.4,14:04:05,50145,19-2B-66-01-0B-00-12-E0,1620262,0
2018.7.4,14:04:05,50124,E4-2B-66-01-0B-00-12-E0,1620450,0
2018.7.4,14:04:06,50124,E4-2B-66-01-0B-00-12-E0,1621217,0
2018.7.4,14:04:06,50124,E4-2B-66-01-0B-00-12-E0,1621652,0
2018.7.4,14:04:06,50145,19-2B-66-01-0B-00-12-E0,1621730,0
2018.7.4,14:04:06,50121,55-2C-66-01-0B-00-12-E0,1621822,0
2018.7.4,14:04:07,50124,E4-2B-66-01-0B-00-12-E0,1622118,0
2018.7.4,14:04:07,50121,55-2C-66-01-0B-00-12-E0,1622323,0
2018.7.4,14:04:07,50124,E4-2B-66-01-0B-00-12-E0,1622617,0
2018.7.4,14:04:07,50121,55-2C-66-01-0B-00-12-E0,1622823,0
WARNING: 2 RFID event happened before it was written to file.
2018.7.4,14:04:08,50145,19-2B-66-01-0B-00-12-E0,1623230,0
2018.7.4,14:04:08,50134,C7-2B-66-01-0B-00-12-E0,1623266,0
2018.7.4,14:04:08,50124,E4-2B-66-01-0B-00-12-E0,1623484,0
2018.7.4,14:04:08,50145,19-2B-66-01-0B-00-12-E0,1623664,0
2018.7.4,14:04:08,50121,55-2C-66-01-0B-00-12-E0,1623690,0
2018.7.4,14:04:09,50124,E4-2B-66-01-0B-00-12-E0,1623984,0
2018.7.4,14:04:09,50145,19-2B-66-01-0B-00-12-E0,1624062,0
2018.7.4,14:04:09,50145,19-2B-66-01-0B-00-12-E0,1624463,0
2018.7.4,14:04:09,50134,C7-2B-66-01-0B-00-12-E0,1624566,0
2018.7.4,14:04:09,50124,E4-2B-66-01-0B-00-12-E0,1624750,0
2018.7.4,14:04:09,50145,19-2B-66-01-0B-00-12-E0,1624894,0
2018.7.4,14:04:10,50124,E4-2B-66-01-0B-00-12-E0,1625249,0
2018.7.4,14:04:10,50145,19-2B-66-01-0B-00-12-E0,1625292,0
2018.7.4,14:04:10,50145,19-2B-66-01-0B-00-12-E0,1625763,0
2018.7.4,14:04:10,50134,C7-2B-66-01-0B-00-12-E0,1625867,0
2018.7.4,14:04:11,50145,19-2B-66-01-0B-00-12-E0,1626130,0
2018.7.4,14:04:11,50134,C7-2B-66-01-0B-00-12-E0,1626234,0
2018.7.4,14:04:11,50145,19-2B-66-01-0B-00-12-E0,1626564,0
2018.7.4,14:04:11,50134,C7-2B-66-01-0B-00-12-E0,1626599,0
2018.7.4,14:04:12,50145,19-2B-66-01-0B-00-12-E0,1626964,0
2018.7.4,14:04:12,50134,C7-2B-66-01-0B-00-12-E0,1627300,0
2018.7.4,14:04:12,50145,19-2B-66-01-0B-00-12-E0,1627395,0
2018.7.4,14:04:12,50134,C7-2B-66-01-0B-00-12-E0,1627699,0
2018.7.4,14:04:13,50134,C7-2B-66-01-0B-00-12-E0,1628034,0
2018.7.4,14:04:13,50134,C7-2B-66-01-0B-00-12-E0,1628400,0
2018.7.4,14:04:13,50134,C7-2B-66-01-0B-00-12-E0,1628767,0
2018.7.4,14:04:14,50134,C7-2B-66-01-0B-00-12-E0,1629166,0
2018.7.4,14:04:14,50134,C7-2B-66-01-0B-00-12-E0,1629833,0
2018.7.4,14:04:15,50134,C7-2B-66-01-0B-00-12-E0,1630167,0
2018.7.4,14:04:15,50124,E4-2B-66-01-0B-00-12-E0,1630586,0
2018.7.4,14:04:16,50124,E4-2B-66-01-0B-00-12-E0,1631019,0
2018.7.4,14:04:16,50124,E4-2B-66-01-0B-00-12-E0,1631451,0
2018.7.4,14:04:17,50121,55-2C-66-01-0B-00-12-E0,1632345,0
WARNING: 2 RFID event happened before it was written to file.
2018.7.4,14:04:17,50145,19-2B-66-01-0B-00-12-E0,1632421,0
2018.7.4,14:04:17,50121,55-2C-66-01-0B-00-12-E0,1632772,0
2018.7.4,14:04:17,50145,19-2B-66-01-0B-00-12-E0,1632841,0
2018.7.4,14:04:18,50134,C7-2B-66-01-0B-00-12-E0,1633111,0
2018.7.4,14:04:18,50145,19-2B-66-01-0B-00-12-E0,1633240,0
2018.7.4,14:04:18,50134,C7-2B-66-01-0B-00-12-E0,1633517,0
2018.7.4,14:04:18,50145,19-2B-66-01-0B-00-12-E0,1633689,0
2018.7.4,14:04:19,50145,19-2B-66-01-0B-00-12-E0,1634138,0
2018.7.4,14:04:19,50145,19-2B-66-01-0B-00-12-E0,1634522,0
2018.7.4,14:04:19,50121,55-2C-66-01-0B-00-12-E0,1634621,0
2018.7.4,14:04:20,50145,19-2B-66-01-0B-00-12-E0,1634938,0
2018.7.4,14:04:20,50121,55-2C-66-01-0B-00-12-E0,1635071,0
2018.7.4,14:04:20,50145,19-2B-66-01-0B-00-12-E0,1635356,0
2018.7.4,14:04:20,50134,C7-2B-66-01-0B-00-12-E0,1635394,0
2018.7.4,14:04:20,50121,55-2C-66-01-0B-00-12-E0,1635452,0
2018.7.4,14:04:20,50121,55-2C-66-01-0B-00-12-E0,1635870,0
2018.7.4,14:04:21,50145,19-2B-66-01-0B-00-12-E0,1636466,0
2018.7.4,14:04:21,50121,55-2C-66-01-0B-00-12-E0,1636668,0
2018.7.4,14:04:21,50145,19-2B-66-01-0B-00-12-E0,1636879,0
2018.7.4,14:04:22,50145,19-2B-66-01-0B-00-12-E0,1637299,0
2018.7.4,14:04:22,50145,19-2B-66-01-0B-00-12-E0,1637691,0
2018.7.4,14:04:23,50145,19-2B-66-01-0B-00-12-E0,1638114,0
2018.7.4,14:04:23,50145,19-2B-66-01-0B-00-12-E0,1638549,0
2018.7.4,14:04:26,50145,19-2B-66-01-0B-00-12-E0,1641085,0
2018.7.4,14:04:26,50145,19-2B-66-01-0B-00-12-E0,1641473,0
2018.7.4,14:04:26,50145,19-2B-66-01-0B-00-12-E0,1641891,0
2018.7.4,14:04:27,50145,19-2B-66-01-0B-00-12-E0,1642303,0
WARNING: 2 RFID event happened before it was written to file.
2018.7.4,14:04:27,50145,19-2B-66-01-0B-00-12-E0,1642719,0
2018.7.4,14:04:28,50140,1D-2B-66-01-0B-00-12-E0,1643104,1
2018.7.4,14:04:28,50145,19-2B-66-01-0B-00-12-E0,1643134,0
2018.7.4,14:04:28,50145,19-2B-66-01-0B-00-12-E0,1643557,0
2018.7.4,14:04:30,50145,19-2B-66-01-0B-00-12-E0,1645407,0
2018.7.4,14:04:30,50145,19-2B-66-01-0B-00-12-E0,1645824,0
2018.7.4,14:04:31,50145,19-2B-66-01-0B-00-12-E0,1646209,0
2018.7.4,14:04:31,50145,19-2B-66-01-0B-00-12-E0,1646630,0
2018.7.4,14:04:32,50145,19-2B-66-01-0B-00-12-E0,1647038,0
2018.7.4,14:04:32,50145,19-2B-66-01-0B-00-12-E0,1647478,0
2018.7.4,14:04:32,50145,19-2B-66-01-0B-00-12-E0,1647849,0
2018.7.4,14:04:33,50145,19-2B-66-01-0B-00-12-E0,1648250,0
2018.7.4,14:04:33,50145,19-2B-66-01-0B-00-12-E0,1648683,0
2018.7.4,14:04:34,50145,19-2B-66-01-0B-00-12-E0,1649117,0
2018.7.4,14:04:34,50145,19-2B-66-01-0B-00-12-E0,1649551,0
2018.7.4,14:04:36,50145,19-2B-66-01-0B-00-12-E0,1650982,0
2018.7.4,14:04:36,50145,19-2B-66-01-0B-00-12-E0,1651415,0
2018.7.4,14:04:36,50145,19-2B-66-01-0B-00-12-E0,1651816,0
2018.7.4,14:04:37,50145,19-2B-66-01-0B-00-12-E0,1652248,0
2018.7.4,14:04:37,50140,1D-2B-66-01-0B-00-12-E0,1652785,0
2018.7.4,14:04:38,50145,19-2B-66-01-0B-00-12-E0,1653016,0
2018.7.4,14:04:38,50140,1D-2B-66-01-0B-00-12-E0,1653561,0
2018.7.4,14:04:38,50140,1D-2B-66-01-0B-00-12-E0,1653830,0
2018.7.4,14:04:39,50134,C7-2B-66-01-0B-00-12-E0,1654413,0
2018.7.4,14:04:39,50145,19-2B-66-01-0B-00-12-E0,1654479,0
2018.7.4,14:04:39,50134,C7-2B-66-01-0B-00-12-E0,1654800,0
2018.7.4,14:04:39,50145,19-2B-66-01-0B-00-12-E0,1654865,0
2018.7.4,14:04:40,50134,C7-2B-66-01-0B-00-12-E0,1655187,0
2018.7.4,14:04:40,50145,19-2B-66-01-0B-00-12-E0,1655320,0
2018.7.4,14:04:40,50134,C7-2B-66-01-0B-00-12-E0,1655535,0
2018.7.4,14:04:40,50145,19-2B-66-01-0B-00-12-E0,1655738,0
2018.7.4,14:04:40,50134,C7-2B-66-01-0B-00-12-E0,1655919,0
2018.7.4,14:04:42,50134,C7-2B-66-01-0B-00-12-E0,1657196,0
2018.7.4,14:04:42,50134,C7-2B-66-01-0B-00-12-E0,1657566,0
2018.7.4,14:04:43,50134,C7-2B-66-01-0B-00-12-E0,1657932,0
2018.7.4,14:04:44,50134,C7-2B-66-01-0B-00-12-E0,1658933,0
2018.7.4,14:04:44,50134,C7-2B-66-01-0B-00-12-E0,1659627,0
2018.7.4,14:04:45,50134,C7-2B-66-01-0B-00-12-E0,1660008,0
2018.7.4,14:04:45,50134,C7-2B-66-01-0B-00-12-E0,1660390,0
2018.7.4,14:04:45,50134,C7-2B-66-01-0B-00-12-E0,1660753,0
2018.7.4,14:04:46,50134,C7-2B-66-01-0B-00-12-E0,1661117,0
2018.7.4,14:04:47,50145,19-2B-66-01-0B-00-12-E0,1662846,0
2018.7.4,14:04:49,50134,C7-2B-66-01-0B-00-12-E0,1664578,0
2018.7.4,14:04:54,50121,55-2C-66-01-0B-00-12-E0,1669084,1
2018.7.4,14:04:54,50121,55-2C-66-01-0B-00-12-E0,1669533,0
2018.7.4,14:04:54,50121,55-2C-66-01-0B-00-12-E0,1669910,0
2018.7.4,14:05:10,50145,19-2B-66-01-0B-00-12-E0,1685319,0
2018.7.4,14:05:10,50145,19-2B-66-01-0B-00-12-E0,1685719,0
2018.7.4,14:05:11,50145,19-2B-66-01-0B-00-12-E0,1686153,0
2018.7.4,14:05:11,50121,55-2C-66-01-0B-00-12-E0,1686346,0
2018.7.4,14:05:11,50121,55-2C-66-01-0B-00-12-E0,1686778,0
2018.7.4,14:05:12,50121,55-2C-66-01-0B-00-12-E0,1687212,0
2018.7.4,14:05:12,50121,55-2C-66-01-0B-00-12-E0,1687611,0
2018.7.4,14:05:13,50121,55-2C-66-01-0B-00-12-E0,1688046,0
2018.7.4,14:05:13,50121,55-2C-66-01-0B-00-12-E0,1688479,0
2018.7.4,14:05:13,50121,55-2C-66-01-0B-00-12-E0,1688914,0
2018.7.4,14:05:14,50145,19-2B-66-01-0B-00-12-E0,1689019,0
2018.7.4,14:05:14,50145,19-2B-66-01-0B-00-12-E0,1689457,0
2018.7.4,14:05:20,50134,C7-2B-66-01-0B-00-12-E0,1695718,1
2018.7.4,14:05:21,50134,C7-2B-66-01-0B-00-12-E0,1696098,0
2018.7.4,14:05:21,50145,19-2B-66-01-0B-00-12-E0,1696296,0
2018.7.4,14:05:21,50134,C7-2B-66-01-0B-00-12-E0,1696736,0
2018.7.4,14:05:22,50134,C7-2B-66-01-0B-00-12-E0,1697115,0
2018.7.4,14:05:22,50145,19-2B-66-01-0B-00-12-E0,1697773,0
2018.7.4,14:05:22,50134,C7-2B-66-01-0B-00-12-E0,1697812,0
2018.7.4,14:05:23,50134,C7-2B-66-01-0B-00-12-E0,1698197,0
2018.7.4,14:05:23,50145,19-2B-66-01-0B-00-12-E0,1698227,0
2018.7.4,14:05:23,50145,19-2B-66-01-0B-00-12-E0,1698611,0
2018.7.4,14:05:24,50145,19-2B-66-01-0B-00-12-E0,1699027,0
2018.7.4,14:05:24,50145,19-2B-66-01-0B-00-12-E0,1699448,0
2018.7.4,14:05:24,50145,19-2B-66-01-0B-00-12-E0,1699869,0
2018.7.4,14:05:25,50145,19-2B-66-01-0B-00-12-E0,1700256,0
2018.7.4,14:05:25,50145,19-2B-66-01-0B-00-12-E0,1700674,0
2018.7.4,14:05:26,50145,19-2B-66-01-0B-00-12-E0,1701097,0
2018.7.4,14:05:26,50145,19-2B-66-01-0B-00-12-E0,1701518,0
2018.7.4,14:05:27,50145,19-2B-66-01-0B-00-12-E0,1702316,0
2018.7.4,14:05:29,50145,19-2B-66-01-0B-00-12-E0,1704108,0
2018.7.4,14:05:31,50145,19-2B-66-01-0B-00-12-E0,1705934,0
2018.7.4,14:05:31,50145,19-2B-66-01-0B-00-12-E0,1706372,0
2018.7.4,14:05:31,50145,19-2B-66-01-0B-00-12-E0,1706771,0
2018.7.4,14:05:32,50145,19-2B-66-01-0B-00-12-E0,1707202,0
2018.7.4,14:05:33,50145,19-2B-66-01-0B-00-12-E0,1707935,0
2018.7.4,14:05:36,50134,C7-2B-66-01-0B-00-12-E0,1710975,0
2018.7.4,14:05:36,50134,C7-2B-66-01-0B-00-12-E0,1711341,0
2018.7.4,14:05:41,50134,C7-2B-66-01-0B-00-12-E0,1716707,0
2018.7.4,14:05:42,50134,C7-2B-66-01-0B-00-12-E0,1717106,0
2018.7.4,14:05:42,50134,C7-2B-66-01-0B-00-12-E0,1717438,0
2018.7.4,14:05:47,50128,DA-2B-66-01-0B-00-12-E0,1722550,1
2018.7.4,14:05:48,50128,DA-2B-66-01-0B-00-12-E0,1723063,0
2018.7.4,14:05:48,50128,DA-2B-66-01-0B-00-12-E0,1723598,0
2018.7.4,14:05:50,50128,DA-2B-66-01-0B-00-12-E0,1725659,0
2018.7.4,14:05:51,50128,DA-2B-66-01-0B-00-12-E0,1726724,0
2018.7.4,14:05:56,50128,DA-2B-66-01-0B-00-12-E0,1731378,0
2018.7.4,14:06:14,50132,EC-2B-66-01-0B-00-12-E0,1749030,1
2018.7.4,14:06:14,50132,EC-2B-66-01-0B-00-12-E0,1749638,0
2018.7.4,14:06:14,50121,55-2C-66-01-0B-00-12-E0,1749856,1
2018.7.4,14:06:15,50132,EC-2B-66-01-0B-00-12-E0,1750200,0
2018.7.4,14:06:15,50121,55-2C-66-01-0B-00-12-E0,1750249,0
2018.7.4,14:06:15,50132,EC-2B-66-01-0B-00-12-E0,1750800,0
2018.7.4,14:06:16,50132,EC-2B-66-01-0B-00-12-E0,1751367,0
2018.7.4,14:06:17,50132,EC-2B-66-01-0B-00-12-E0,1752000,0
2018.7.4,14:06:25,50121,55-2C-66-01-0B-00-12-E0,1760295,0
2018.7.4,14:06:25,50121,55-2C-66-01-0B-00-12-E0,1760706,0
2018.7.4,14:06:26,50121,55-2C-66-01-0B-00-12-E0,1761151,0
2018.7.4,14:06:26,50121,55-2C-66-01-0B-00-12-E0,1761553,0
2018.7.4,14:06:27,50121,55-2C-66-01-0B-00-12-E0,1761971,0
2018.7.4,14:06:27,50121,55-2C-66-01-0B-00-12-E0,1762403,0
2018.7.4,14:06:27,50121,55-2C-66-01-0B-00-12-E0,1762843,0
2018.7.4,14:06:28,50121,55-2C-66-01-0B-00-12-E0,1763281,0
2018.7.4,14:06:28,50121,55-2C-66-01-0B-00-12-E0,1763650,0
2018.7.4,14:06:29,50121,55-2C-66-01-0B-00-12-E0,1764785,0
2018.7.4,14:06:34,50121,55-2C-66-01-0B-00-12-E0,1769161,0
2018.7.4,14:06:34,50121,55-2C-66-01-0B-00-12-E0,1769604,0
2018.7.4,14:06:35,50121,55-2C-66-01-0B-00-12-E0,1770007,0
2018.7.4,14:06:35,50121,55-2C-66-01-0B-00-12-E0,1770415,0
2018.7.4,14:06:35,50121,55-2C-66-01-0B-00-12-E0,1770857,0
2018.7.4,14:06:37,50134,C7-2B-66-01-0B-00-12-E0,1772859,1
2018.7.4,14:06:38,50134,C7-2B-66-01-0B-00-12-E0,1773232,0
2018.7.4,14:06:38,50134,C7-2B-66-01-0B-00-12-E0,1773598,0
2018.7.4,14:06:44,50134,C7-2B-66-01-0B-00-12-E0,1779315,0
2018.7.4,14:06:44,50134,C7-2B-66-01-0B-00-12-E0,1779648,0
2018.7.4,14:06:45,50132,EC-2B-66-01-0B-00-12-E0,1780718,0
2018.7.4,14:06:46,50134,C7-2B-66-01-0B-00-12-E0,1781253,0
2018.7.4,14:06:46,50132,EC-2B-66-01-0B-00-12-E0,1781328,0
2018.7.4,14:06:46,50132,EC-2B-66-01-0B-00-12-E0,1781918,0
2018.7.4,14:06:47,50132,EC-2B-66-01-0B-00-12-E0,1782534,0
2018.7.4,14:06:48,50132,EC-2B-66-01-0B-00-12-E0,1783129,0
2018.7.4,14:06:48,50132,EC-2B-66-01-0B-00-12-E0,1783701,0
2018.7.4,14:06:49,50134,C7-2B-66-01-0B-00-12-E0,1784103,0
2018.7.4,14:06:49,50132,EC-2B-66-01-0B-00-12-E0,1784817,0
2018.7.4,14:06:50,50134,C7-2B-66-01-0B-00-12-E0,1785411,0
2018.7.4,14:06:50,50134,C7-2B-66-01-0B-00-12-E0,1785778,0
2018.7.4,14:06:51,50134,C7-2B-66-01-0B-00-12-E0,1786145,0
2018.7.4,14:06:51,50136,19-2B-66-01-0B-00-12-E0,1786445,1
2018.7.4,14:06:51,50134,C7-2B-66-01-0B-00-12-E0,1786580,0
2018.7.4,14:06:51,50136,19-2B-66-01-0B-00-12-E0,1786910,0
2018.7.4,14:06:52,50134,C7-2B-66-01-0B-00-12-E0,1787009,0
2018.7.4,14:06:52,50134,C7-2B-66-01-0B-00-12-E0,1787377,0
2018.7.4,14:07:09,50121,55-2C-66-01-0B-00-12-E0,1804781,1
2018.7.4,14:07:09,50132,EC-2B-66-01-0B-00-12-E0,1804830,0
2018.7.4,14:07:10,50121,55-2C-66-01-0B-00-12-E0,1805195,0
2018.7.4,14:07:10,50132,EC-2B-66-01-0B-00-12-E0,1805451,0
2018.7.4,14:07:10,50136,19-2B-66-01-0B-00-12-E0,1805718,0
2018.7.4,14:07:12,50132,EC-2B-66-01-0B-00-12-E0,1807588,0
2018.7.4,14:07:13,50136,19-2B-66-01-0B-00-12-E0,1807963,0
2018.7.4,14:07:14,50136,19-2B-66-01-0B-00-12-E0,1809570,0
2018.7.4,14:07:15,50136,19-2B-66-01-0B-00-12-E0,1810215,0
2018.7.4,14:07:15,50136,19-2B-66-01-0B-00-12-E0,1810617,0
2018.7.4,14:07:16,50136,19-2B-66-01-0B-00-12-E0,1810989,0
2018.7.4,14:07:16,50136,19-2B-66-01-0B-00-12-E0,1811399,0
2018.7.4,14:07:16,50136,19-2B-66-01-0B-00-12-E0,1811745,0
2018.7.4,14:07:17,50136,19-2B-66-01-0B-00-12-E0,1812093,0
2018.7.4,14:07:24,50132,EC-2B-66-01-0B-00-12-E0,1818923,0
2018.7.4,14:07:24,50132,EC-2B-66-01-0B-00-12-E0,1819540,0
2018.7.4,14:07:25,50132,EC-2B-66-01-0B-00-12-E0,1820157,0
2018.7.4,14:07:25,50132,EC-2B-66-01-0B-00-12-E0,1820765,0
2018.7.4,14:07:26,50132,EC-2B-66-01-0B-00-12-E0,1821371,0
WARNING: 2 RFID event happened before it was written to file.
2018.7.4,14:07:33,50132,EC-2B-66-01-0B-00-12-E0,1828106,0
2018.7.4,14:07:33,50136,19-2B-66-01-0B-00-12-E0,1828400,0
2018.7.4,14:07:33,50134,C7-2B-66-01-0B-00-12-E0,1828501,1
2018.7.4,14:07:33,50132,EC-2B-66-01-0B-00-12-E0,1828740,0
2018.7.4,14:07:33,50134,C7-2B-66-01-0B-00-12-E0,1828866,0
2018.7.4,14:07:34,50134,C7-2B-66-01-0B-00-12-E0,1829266,0
2018.7.4,14:07:34,50136,19-2B-66-01-0B-00-12-E0,1829565,0
2018.7.4,14:07:34,50132,EC-2B-66-01-0B-00-12-E0,1829872,0
2018.7.4,14:07:35,50132,EC-2B-66-01-0B-00-12-E0,1830506,0
2018.7.4,14:07:36,50132,EC-2B-66-01-0B-00-12-E0,1831106,0
2018.7.4,14:07:36,50134,C7-2B-66-01-0B-00-12-E0,1831600,0
2018.7.4,14:07:47,50132,EC-2B-66-01-0B-00-12-E0,1841973,0
2018.7.4,14:07:57,50132,EC-2B-66-01-0B-00-12-E0,1852779,0
2018.7.4,14:08:00,50132,EC-2B-66-01-0B-00-12-E0,1855469,0
2018.7.4,14:08:01,50132,EC-2B-66-01-0B-00-12-E0,1856087,0
2018.7.4,14:08:03,50136,19-2B-66-01-0B-00-12-E0,1858322,0
2018.7.4,14:08:04,50136,19-2B-66-01-0B-00-12-E0,1858987,0
2018.7.4,14:08:04,50136,19-2B-66-01-0B-00-12-E0,1859676,0
2018.7.4,14:08:04,50132,EC-2B-66-01-0B-00-12-E0,1859789,0
2018.7.4,14:08:05,50132,EC-2B-66-01-0B-00-12-E0,1860418,0
2018.7.4,14:08:06,50132,EC-2B-66-01-0B-00-12-E0,1861047,0
2018.7.4,14:08:06,50136,19-2B-66-01-0B-00-12-E0,1861596,0
2018.7.4,14:08:07,50136,19-2B-66-01-0B-00-12-E0,1861981,0
2018.7.4,14:08:07,50136,19-2B-66-01-0B-00-12-E0,1862335,0
2018.7.4,14:08:08,50136,19-2B-66-01-0B-00-12-E0,1863028,0
2018.7.4,14:08:08,50136,19-2B-66-01-0B-00-12-E0,1863411,0
2018.7.4,14:08:08,50136,19-2B-66-01-0B-00-12-E0,1863797,0
2018.7.4,14:08:09,50136,19-2B-66-01-0B-00-12-E0,1864175,0
2018.7.4,14:08:12,50128,DA-2B-66-01-0B-00-12-E0,1867113,1
2018.7.4,14:08:15,50128,DA-2B-66-01-0B-00-12-E0,1870287,0
2018.7.4,14:08:17,50128,DA-2B-66-01-0B-00-12-E0,1872451,0
2018.7.4,14:08:18,50128,DA-2B-66-01-0B-00-12-E0,1873085,0
2018.7.4,14:08:22,50132,EC-2B-66-01-0B-00-12-E0,1877495,0
2018.7.4,14:08:28,50121,55-2C-66-01-0B-00-12-E0,1883165,1
2018.7.4,14:08:28,50121,55-2C-66-01-0B-00-12-E0,1883562,0
2018.7.4,14:08:29,50121,55-2C-66-01-0B-00-12-E0,1883995,0
2018.7.4,14:08:31,50121,55-2C-66-01-0B-00-12-E0,1886222,0
2018.7.4,14:08:34,50121,55-2C-66-01-0B-00-12-E0,1889812,0
2018.7.4,14:08:35,50121,55-2C-66-01-0B-00-12-E0,1890611,0
2018.7.4,14:08:36,50128,DA-2B-66-01-0B-00-12-E0,1891056,0
2018.7.4,14:08:36,50128,DA-2B-66-01-0B-00-12-E0,1891589,0
2018.7.4,14:08:36,50121,55-2C-66-01-0B-00-12-E0,1891745,0
WARNING: 2 RFID event happened before it was written to file.
2018.7.4,14:08:37,50121,55-2C-66-01-0B-00-12-E0,1892179,0
2018.7.4,14:08:38,50121,55-2C-66-01-0B-00-12-E0,1892938,0
2018.7.4,14:08:38,50128,DA-2B-66-01-0B-00-12-E0,1893221,0
2018.7.4,14:08:38,50121,55-2C-66-01-0B-00-12-E0,1893343,0
2018.7.4,14:08:38,50121,55-2C-66-01-0B-00-12-E0,1893777,0
2018.7.4,14:08:39,50121,55-2C-66-01-0B-00-12-E0,1894179,0
2018.7.4,14:08:39,50128,DA-2B-66-01-0B-00-12-E0,1894254,0
2018.7.4,14:08:39,50121,55-2C-66-01-0B-00-12-E0,1894612,0
2018.7.4,14:08:40,50121,55-2C-66-01-0B-00-12-E0,1895044,0
2018.7.4,14:08:40,50128,DA-2B-66-01-0B-00-12-E0,1895388,0
2018.7.4,14:08:40,50121,55-2C-66-01-0B-00-12-E0,1895441,0
2018.7.4,14:08:40,50121,55-2C-66-01-0B-00-12-E0,1895878,0
2018.7.4,14:08:41,50128,DA-2B-66-01-0B-00-12-E0,1896021,0
2018.7.4,14:08:41,50121,55-2C-66-01-0B-00-12-E0,1896277,0
2018.7.4,14:08:41,50121,55-2C-66-01-0B-00-12-E0,1896711,0
2018.7.4,14:08:42,50121,55-2C-66-01-0B-00-12-E0,1897112,0
2018.7.4,14:08:42,50121,55-2C-66-01-0B-00-12-E0,1897545,0
2018.7.4,14:08:43,50121,55-2C-66-01-0B-00-12-E0,1898683,0
2018.7.4,14:08:44,50121,55-2C-66-01-0B-00-12-E0,1899112,0
2018.7.4,14:08:44,50121,55-2C-66-01-0B-00-12-E0,1899512,0
2018.7.4,14:08:45,50121,55-2C-66-01-0B-00-12-E0,1899950,0
2018.7.4,14:08:51,50132,EC-2B-66-01-0B-00-12-E0,1905945,0
2018.7.4,14:08:52,50128,DA-2B-66-01-0B-00-12-E0,1907374,0
2018.7.4,14:08:53,50128,DA-2B-66-01-0B-00-12-E0,1907973,0
2018.7.4,14:08:53,50128,DA-2B-66-01-0B-00-12-E0,1908574,0
2018.7.4,14:08:55,50145,19-2B-66-01-0B-00-12-E0,1910594,1
2018.7.4,14:08:56,50145,19-2B-66-01-0B-00-12-E0,1911041,0
2018.7.4,14:08:56,50145,19-2B-66-01-0B-00-12-E0,1911491,0
2018.7.4,14:08:56,50145,19-2B-66-01-0B-00-12-E0,1911887,0
2018.7.4,14:08:57,50145,19-2B-66-01-0B-00-12-E0,1912297,0
2018.7.4,14:08:57,50132,EC-2B-66-01-0B-00-12-E0,1912444,0
2018.7.4,14:08:57,50145,19-2B-66-01-0B-00-12-E0,1912706,0
2018.7.4,14:08:58,50132,EC-2B-66-01-0B-00-12-E0,1913048,0
2018.7.4,14:08:58,50132,EC-2B-66-01-0B-00-12-E0,1913654,0
2018.7.4,14:08:59,50132,EC-2B-66-01-0B-00-12-E0,1914253,0
2018.7.4,14:08:59,50128,DA-2B-66-01-0B-00-12-E0,1914662,0
2018.7.4,14:09:00,50132,EC-2B-66-01-0B-00-12-E0,1914973,0
2018.7.4,14:09:00,50149,E0-2B-66-01-0B-00-12-E0,1914996,1
WARNING: 2 RFID event happened before it was written to file.
2018.7.4,14:09:00,50128,DA-2B-66-01-0B-00-12-E0,1915405,0
2018.7.4,14:09:01,50128,DA-2B-66-01-0B-00-12-E0,1915991,0
2018.7.4,14:09:01,50132,EC-2B-66-01-0B-00-12-E0,1916298,0
2018.7.4,14:09:01,50128,DA-2B-66-01-0B-00-12-E0,1916724,0
2018.7.4,14:09:02,50132,EC-2B-66-01-0B-00-12-E0,1917030,0
2018.7.4,14:09:02,50128,DA-2B-66-01-0B-00-12-E0,1917459,0
2018.7.4,14:09:02,50132,EC-2B-66-01-0B-00-12-E0,1917759,0
2018.7.4,14:09:03,50128,DA-2B-66-01-0B-00-12-E0,1918211,0
2018.7.4,14:09:03,50132,EC-2B-66-01-0B-00-12-E0,1918507,0
2018.7.4,14:09:04,50128,DA-2B-66-01-0B-00-12-E0,1918956,0
2018.7.4,14:09:04,50132,EC-2B-66-01-0B-00-12-E0,1919252,0
2018.7.4,14:09:04,50132,EC-2B-66-01-0B-00-12-E0,1919870,0
2018.7.4,14:09:06,50132,EC-2B-66-01-0B-00-12-E0,1921513,0
2018.7.4,14:09:12,50132,EC-2B-66-01-0B-00-12-E0,1927760,0
2018.7.4,14:09:13,50132,EC-2B-66-01-0B-00-12-E0,1928897,0
2018.7.4,14:09:14,50132,EC-2B-66-01-0B-00-12-E0,1929535,0
2018.7.4,14:09:15,50132,EC-2B-66-01-0B-00-12-E0,1930143,0
2018.7.4,14:09:15,50132,EC-2B-66-01-0B-00-12-E0,1930785,0
2018.7.4,14:09:16,50132,EC-2B-66-01-0B-00-12-E0,1931413,0
2018.7.4,14:09:22,50144,1D-2B-66-01-0B-00-12-E0,1937591,1
2018.7.4,14:09:23,50144,1D-2B-66-01-0B-00-12-E0,1938373,0
2018.7.4,14:09:23,50144,1D-2B-66-01-0B-00-12-E0,1938788,0
2018.7.4,14:09:24,50144,1D-2B-66-01-0B-00-12-E0,1939228,0
2018.7.4,14:09:24,50144,1D-2B-66-01-0B-00-12-E0,1939641,0
2018.7.4,14:09:29,50145,19-2B-66-01-0B-00-12-E0,1944435,1
2018.7.4,14:09:30,50145,19-2B-66-01-0B-00-12-E0,1945573,0
2018.7.4,14:09:31,50145,19-2B-66-01-0B-00-12-E0,1945974,0
2018.7.4,14:09:31,50145,19-2B-66-01-0B-00-12-E0,1946372,0
2018.7.4,14:09:36,50132,EC-2B-66-01-0B-00-12-E0,1951483,0
2018.7.4,14:09:37,50132,EC-2B-66-01-0B-00-12-E0,1952116,0
2018.7.4,14:09:42,50149,E0-2B-66-01-0B-00-12-E0,1957558,1
2018.7.4,14:09:43,50149,E0-2B-66-01-0B-00-12-E0,1957992,0
2018.7.4,14:09:43,50149,E0-2B-66-01-0B-00-12-E0,1958427,0
2018.7.4,14:09:43,50149,E0-2B-66-01-0B-00-12-E0,1958833,0
2018.7.4,14:09:45,50132,EC-2B-66-01-0B-00-12-E0,1960401,0
2018.7.4,14:09:45,50145,19-2B-66-01-0B-00-12-E0,1960910,0
2018.7.4,14:09:46,50132,EC-2B-66-01-0B-00-12-E0,1961022,0
2018.7.4,14:09:46,50145,19-2B-66-01-0B-00-12-E0,1961351,0
2018.7.4,14:09:46,50132,EC-2B-66-01-0B-00-12-E0,1961669,0
2018.7.4,14:09:46,50145,19-2B-66-01-0B-00-12-E0,1961760,0
2018.7.4,14:09:47,50145,19-2B-66-01-0B-00-12-E0,1962200,0
2018.7.4,14:09:47,50145,19-2B-66-01-0B-00-12-E0,1962584,0
2018.7.4,14:09:47,50149,E0-2B-66-01-0B-00-12-E0,1962740,0
2018.7.4,14:09:48,50145,19-2B-66-01-0B-00-12-E0,1963068,0
2018.7.4,14:09:48,50145,19-2B-66-01-0B-00-12-E0,1963492,0
2018.7.4,14:09:49,50145,19-2B-66-01-0B-00-12-E0,1963929,0
2018.7.4,14:09:49,50145,19-2B-66-01-0B-00-12-E0,1964340,0
2018.7.4,14:09:49,50145,19-2B-66-01-0B-00-12-E0,1964726,0
2018.7.4,14:09:50,50145,19-2B-66-01-0B-00-12-E0,1965144,0
2018.7.4,14:09:51,50144,1D-2B-66-01-0B-00-12-E0,1966169,0
2018.7.4,14:09:51,50144,1D-2B-66-01-0B-00-12-E0,1966906,0
2018.7.4,14:09:53,50144,1D-2B-66-01-0B-00-12-E0,1968051,0
2018.7.4,14:09:54,50144,1D-2B-66-01-0B-00-12-E0,1969873,0
2018.7.4,14:09:55,50144,1D-2B-66-01-0B-00-12-E0,1970302,0
2018.7.4,14:09:55,50144,1D-2B-66-01-0B-00-12-E0,1970728,0
2018.7.4,14:10:09,50120,EC-2B-66-01-0B-00-12-E0,1984319,1
2018.7.4,14:10:37,50120,EC-2B-66-01-0B-00-12-E0,2012468,0
2018.7.4,14:10:56,50120,EC-2B-66-01-0B-00-12-E0,2031019,0
2018.7.4,14:10:56,50120,EC-2B-66-01-0B-00-12-E0,2031453,0
2018.7.4,14:10:56,50120,EC-2B-66-01-0B-00-12-E0,2031856,0
2018.7.4,14:10:57,50120,EC-2B-66-01-0B-00-12-E0,2032288,0
2018.7.4,14:11:08,50120,EC-2B-66-01-0B-00-12-E0,2043737,0
2018.7.4,14:11:09,50120,EC-2B-66-01-0B-00-12-E0,2044168,0
2018.7.4,14:11:16,50120,EC-2B-66-01-0B-00-12-E0,2051667,0
2018.7.4,14:11:17,50120,EC-2B-66-01-0B-00-12-E0,2052120,0
2018.7.4,14:11:17,50120,EC-2B-66-01-0B-00-12-E0,2052534,0
2018.7.4,14:11:18,50120,EC-2B-66-01-0B-00-12-E0,2052985,0
2018.7.4,14:12:11,50120,EC-2B-66-01-0B-00-12-E0,2106113,1
2018.7.4,14:12:27,50120,EC-2B-66-01-0B-00-12-E0,2122529,0
2018.7.4,14:12:28,50120,EC-2B-66-01-0B-00-12-E0,2122989,0
2018.7.4,14:12:28,50120,EC-2B-66-01-0B-00-12-E0,2123394,0
2018.7.4,14:12:28,50120,EC-2B-66-01-0B-00-12-E0,2123798,0
2018.7.4,14:12:29,50120,EC-2B-66-01-0B-00-12-E0,2124228,0
2018.7.4,14:12:29,50120,EC-2B-66-01-0B-00-12-E0,2124627,0
2018.7.4,14:12:30,50120,EC-2B-66-01-0B-00-12-E0,2125061,0
2018.7.4,14:12:30,50120,EC-2B-66-01-0B-00-12-E0,2125495,0
2018.7.4,14:12:30,50120,EC-2B-66-01-0B-00-12-E0,2125900,0
2018.7.4,14:12:31,50120,EC-2B-66-01-0B-00-12-E0,2126308,0
2018.7.4,14:12:31,50120,EC-2B-66-01-0B-00-12-E0,2126745,0
2018.7.4,14:12:32,50120,EC-2B-66-01-0B-00-12-E0,2127185,0
2018.7.4,14:12:32,50120,EC-2B-66-01-0B-00-12-E0,2127567,0
2018.7.4,14:12:33,50120,EC-2B-66-01-0B-00-12-E0,2128007,0
2018.7.4,14:12:33,50120,EC-2B-66-01-0B-00-12-E0,2128439,0
2018.7.4,14:12:33,50120,EC-2B-66-01-0B-00-12-E0,2128858,0
2018.7.4,14:12:34,50120,EC-2B-66-01-0B-00-12-E0,2129284,0
2018.7.4,14:12:34,50120,EC-2B-66-01-0B-00-12-E0,2129696,0
2018.7.4,14:12:35,50120,EC-2B-66-01-0B-00-12-E0,2130114,0
2018.7.4,14:12:35,50120,EC-2B-66-01-0B-00-12-E0,2130521,0
2018.7.4,14:12:36,50120,EC-2B-66-01-0B-00-12-E0,2130971,0
2018.7.4,14:12:36,50120,EC-2B-66-01-0B-00-12-E0,2131383,0
2018.7.4,14:12:36,50136,19-2B-66-01-0B-00-12-E0,2131746,1
2018.7.4,14:12:37,50136,19-2B-66-01-0B-00-12-E0,2132130,0
2018.7.4,14:12:38,50120,EC-2B-66-01-0B-00-12-E0,2133549,0
2018.7.4,14:12:39,50120,EC-2B-66-01-0B-00-12-E0,2133987,0
2018.7.4,14:12:39,50136,19-2B-66-01-0B-00-12-E0,2134063,0
2018.7.4,14:12:39,50136,19-2B-66-01-0B-00-12-E0,2134406,0
2018.7.4,14:12:39,50120,EC-2B-66-01-0B-00-12-E0,2134427,0
2018.7.4,14:12:39,50136,19-2B-66-01-0B-00-12-E0,2134774,0
2018.7.4,14:12:39,50120,EC-2B-66-01-0B-00-12-E0,2134866,0
2018.7.4,14:12:40,50120,EC-2B-66-01-0B-00-12-E0,2135277,0
2018.7.4,14:12:40,50120,EC-2B-66-01-0B-00-12-E0,2135697,0
2018.7.4,14:12:41,50120,EC-2B-66-01-0B-00-12-E0,2136120,0
2018.7.4,14:12:41,50120,EC-2B-66-01-0B-00-12-E0,2136538,0
2018.7.4,14:12:42,50120,EC-2B-66-01-0B-00-12-E0,2136957,0
2018.7.4,14:12:42,50120,EC-2B-66-01-0B-00-12-E0,2137377,0
2018.7.4,14:12:42,50120,EC-2B-66-01-0B-00-12-E0,2137794,0
2018.7.4,14:12:43,50120,EC-2B-66-01-0B-00-12-E0,2138209,0
2018.7.4,14:12:43,50120,EC-2B-66-01-0B-00-12-E0,2138662,0
2018.7.4,14:12:44,50120,EC-2B-66-01-0B-00-12-E0,2139078,0
2018.7.4,14:12:44,50120,EC-2B-66-01-0B-00-12-E0,2139488,0
2018.7.4,14:12:45,50120,EC-2B-66-01-0B-00-12-E0,2139930,0
2018.7.4,14:12:45,50120,EC-2B-66-01-0B-00-12-E0,2140364,0
2018.7.4,14:12:45,50120,EC-2B-66-01-0B-00-12-E0,2140766,0
2018.7.4,14:12:46,50120,EC-2B-66-01-0B-00-12-E0,2141165,0
2018.7.4,14:12:46,50120,EC-2B-66-01-0B-00-12-E0,2141597,0
2018.7.4,14:12:49,50136,19-2B-66-01-0B-00-12-E0,2144773,0
2018.7.4,14:12:51,50136,19-2B-66-01-0B-00-12-E0,2146110,0
2018.7.4,14:13:54,50140,1D-2B-66-01-0B-00-12-E0,2209796,1
2018.7.4,14:14:05,50140,1D-2B-66-01-0B-00-12-E0,2220698,0
2018.7.4,14:14:06,50140,1D-2B-66-01-0B-00-12-E0,2221064,0
2018.7.4,14:14:17,50120,EC-2B-66-01-0B-00-12-E0,2232509,1
2018.7.4,14:14:18,50120,EC-2B-66-01-0B-00-12-E0,2232982,0
2018.7.4,14:14:25,50120,EC-2B-66-01-0B-00-12-E0,2240122,0
2018.7.4,14:14:25,50120,EC-2B-66-01-0B-00-12-E0,2240555,0
2018.7.4,14:14:26,50120,EC-2B-66-01-0B-00-12-E0,2240954,0
2018.7.4,14:14:26,50120,EC-2B-66-01-0B-00-12-E0,2241388,0
2018.7.4,14:14:26,50120,EC-2B-66-01-0B-00-12-E0,2241789,0
2018.7.4,14:14:27,50120,EC-2B-66-01-0B-00-12-E0,2242221,0
2018.7.4,14:14:27,50120,EC-2B-66-01-0B-00-12-E0,2242655,0
2018.7.4,14:14:28,50120,EC-2B-66-01-0B-00-12-E0,2243089,0
2018.7.4,14:14:40,50120,EC-2B-66-01-0B-00-12-E0,2255606,0
2018.7.4,14:14:41,50120,EC-2B-66-01-0B-00-12-E0,2256005,0
2018.7.4,14:14:41,50120,EC-2B-66-01-0B-00-12-E0,2256405,0
2018.7.4,14:14:56,50120,EC-2B-66-01-0B-00-12-E0,2271125,0
2018.7.4,14:14:56,50120,EC-2B-66-01-0B-00-12-E0,2271568,0
2018.7.4,14:14:57,50120,EC-2B-66-01-0B-00-12-E0,2271950,0
2018.7.4,14:14:57,50120,EC-2B-66-01-0B-00-12-E0,2272365,0
2018.7.4,14:14:57,50120,EC-2B-66-01-0B-00-12-E0,2272814,0
2018.7.4,14:14:58,50120,EC-2B-66-01-0B-00-12-E0,2273223,0
2018.7.4,14:14:58,50120,EC-2B-66-01-0B-00-12-E0,2273657,0
2018.7.4,14:14:59,50120,EC-2B-66-01-0B-00-12-E0,2274068,0
2018.7.4,14:14:59,50120,EC-2B-66-01-0B-00-12-E0,2274468,0
2018.7.4,14:14:59,50120,EC-2B-66-01-0B-00-12-E0,2274908,0
2018.7.4,14:15:00,50120,EC-2B-66-01-0B-00-12-E0,2275342,0
2018.7.4,14:15:00,50120,EC-2B-66-01-0B-00-12-E0,2275740,0
2018.7.4,14:15:01,50120,EC-2B-66-01-0B-00-12-E0,2276149,0
2018.7.4,14:15:01,50120,EC-2B-66-01-0B-00-12-E0,2276556,0
2018.7.4,14:15:02,50120,EC-2B-66-01-0B-00-12-E0,2277010,0
2018.7.4,14:15:02,50120,EC-2B-66-01-0B-00-12-E0,2277448,0
2018.7.4,14:15:02,50120,EC-2B-66-01-0B-00-12-E0,2277848,0
2018.7.4,14:15:03,50120,EC-2B-66-01-0B-00-12-E0,2278249,0
2018.7.4,14:15:03,50120,EC-2B-66-01-0B-00-12-E0,2278687,0
2018.7.4,14:15:04,50120,EC-2B-66-01-0B-00-12-E0,2279123,0
2018.7.4,14:15:04,50120,EC-2B-66-01-0B-00-12-E0,2279523,0
2018.7.4,14:15:05,50120,EC-2B-66-01-0B-00-12-E0,2279923,0
2018.7.4,14:15:05,50120,EC-2B-66-01-0B-00-12-E0,2280726,0
2018.7.4,14:15:06,50120,EC-2B-66-01-0B-00-12-E0,2281158,0
2018.7.4,14:15:06,50120,EC-2B-66-01-0B-00-12-E0,2281569,0
2018.7.4,14:15:07,50120,EC-2B-66-01-0B-00-12-E0,2281995,0
2018.7.4,14:15:07,50120,EC-2B-66-01-0B-00-12-E0,2282425,0
2018.7.4,14:15:07,50120,EC-2B-66-01-0B-00-12-E0,2282857,0
2018.7.4,14:15:08,50120,EC-2B-66-01-0B-00-12-E0,2283258,0
2018.7.4,14:15:08,50120,EC-2B-66-01-0B-00-12-E0,2283691,0
2018.7.4,14:15:08,50136,19-2B-66-01-0B-00-12-E0,2283736,1
2018.7.4,14:15:09,50120,EC-2B-66-01-0B-00-12-E0,2284090,0
2018.7.4,14:15:09,50136,19-2B-66-01-0B-00-12-E0,2284133,0
2018.7.4,14:15:09,50136,19-2B-66-01-0B-00-12-E0,2284469,0
2018.7.4,14:15:09,50120,EC-2B-66-01-0B-00-12-E0,2284523,0
2018.7.4,14:15:10,50120,EC-2B-66-01-0B-00-12-E0,2284932,0
2018.7.4,14:15:10,50120,EC-2B-66-01-0B-00-12-E0,2285377,0
2018.7.4,14:15:10,50120,EC-2B-66-01-0B-00-12-E0,2285754,0
2018.7.4,14:15:11,50120,EC-2B-66-01-0B-00-12-E0,2286171,0
2018.7.4,14:15:11,50120,EC-2B-66-01-0B-00-12-E0,2286622,0
2018.7.4,14:15:11,50136,19-2B-66-01-0B-00-12-E0,2286702,0
2018.7.4,14:15:12,50120,EC-2B-66-01-0B-00-12-E0,2287036,0
2018.7.4,14:15:12,50136,19-2B-66-01-0B-00-12-E0,2287356,0
2018.7.4,14:15:12,50120,EC-2B-66-01-0B-00-12-E0,2287446,0
2018.7.4,14:15:12,50136,19-2B-66-01-0B-00-12-E0,2287456,0
2018.7.4,14:15:13,50136,19-2B-66-01-0B-00-12-E0,2288183,0
2018.7.4,14:15:13,50120,EC-2B-66-01-0B-00-12-E0,2288204,0
2018.7.4,14:15:14,50120,EC-2B-66-01-0B-00-12-E0,2289006,0
2018.7.4,14:15:14,50120,EC-2B-66-01-0B-00-12-E0,2289420,0
2018.7.4,14:15:14,50120,EC-2B-66-01-0B-00-12-E0,2289873,0
2018.7.4,14:15:15,50120,EC-2B-66-01-0B-00-12-E0,2290251,0
2018.7.4,14:15:15,50120,EC-2B-66-01-0B-00-12-E0,2290701,0
2018.7.4,14:15:16,50120,EC-2B-66-01-0B-00-12-E0,2291117,0
2018.7.4,14:15:16,50120,EC-2B-66-01-0B-00-12-E0,2291531,0
2018.7.4,14:15:17,50149,E0-2B-66-01-0B-00-12-E0,2291921,1
2018.7.4,14:15:19,50120,EC-2B-66-01-0B-00-12-E0,2294098,0
2018.7.4,14:15:19,50120,EC-2B-66-01-0B-00-12-E0,2294525,0
2018.7.4,14:15:20,50120,EC-2B-66-01-0B-00-12-E0,2294935,0
2018.7.4,14:15:20,50120,EC-2B-66-01-0B-00-12-E0,2295375,0
2018.7.4,14:15:20,50120,EC-2B-66-01-0B-00-12-E0,2295810,0
2018.7.4,14:15:21,50120,EC-2B-66-01-0B-00-12-E0,2296208,0
2018.7.4,14:15:21,50120,EC-2B-66-01-0B-00-12-E0,2296642,0
2018.7.4,14:15:22,50120,EC-2B-66-01-0B-00-12-E0,2297042,0
2018.7.4,14:15:22,50120,EC-2B-66-01-0B-00-12-E0,2297475,0
2018.7.4,14:15:22,50120,EC-2B-66-01-0B-00-12-E0,2297911,0
2018.7.4,14:15:23,50120,EC-2B-66-01-0B-00-12-E0,2298309,0
2018.7.4,14:15:23,50149,E0-2B-66-01-0B-00-12-E0,2298386,0
2018.7.4,14:15:23,50120,EC-2B-66-01-0B-00-12-E0,2298743,0
2018.7.4,14:15:23,50149,E0-2B-66-01-0B-00-12-E0,2298819,0
2018.7.4,14:15:24,50120,EC-2B-66-01-0B-00-12-E0,2299176,0
2018.7.4,14:15:24,50149,E0-2B-66-01-0B-00-12-E0,2299216,0
2018.7.4,14:15:24,50120,EC-2B-66-01-0B-00-12-E0,2299609,0
2018.7.4,14:15:24,50149,E0-2B-66-01-0B-00-12-E0,2299617,0
2018.7.4,14:15:25,50149,E0-2B-66-01-0B-00-12-E0,2300387,0
2018.7.4,14:15:30,50149,E0-2B-66-01-0B-00-12-E0,2305788,0
2018.7.4,14:15:31,50149,E0-2B-66-01-0B-00-12-E0,2306221,0
2018.7.4,14:15:31,50149,E0-2B-66-01-0B-00-12-E0,2306654,0
2018.7.4,14:15:32,50149,E0-2B-66-01-0B-00-12-E0,2307753,0
2018.7.4,14:15:33,50149,E0-2B-66-01-0B-00-12-E0,2308154,0
2018.7.4,14:15:33,50120,EC-2B-66-01-0B-00-12-E0,2308176,0
WARNING: 2 RFID event happened before it was written to file.
2018.7.4,14:15:33,50120,EC-2B-66-01-0B-00-12-E0,2308611,0
WARNING: 2 RFID event happened before it was written to file.
2018.7.4,14:15:34,50120,EC-2B-66-01-0B-00-12-E0,2309010,0
2018.7.4,14:15:34,50149,E0-2B-66-01-0B-00-12-E0,2309422,0
2018.7.4,14:15:34,50120,EC-2B-66-01-0B-00-12-E0,2309444,0
2018.7.4,14:15:34,50149,E0-2B-66-01-0B-00-12-E0,2309821,0
2018.7.4,14:15:34,50120,EC-2B-66-01-0B-00-12-E0,2309876,0
2018.7.4,14:15:35,50149,E0-2B-66-01-0B-00-12-E0,2310255,0
2018.7.4,14:15:35,50120,EC-2B-66-01-0B-00-12-E0,2310278,0
2018.7.4,14:15:35,50120,EC-2B-66-01-0B-00-12-E0,2310710,0
2018.7.4,14:15:36,50120,EC-2B-66-01-0B-00-12-E0,2311143,0
2018.7.4,14:15:36,50149,E0-2B-66-01-0B-00-12-E0,2311353,0
2018.7.4,14:15:36,50120,EC-2B-66-01-0B-00-12-E0,2311576,0
2018.7.4,14:15:37,50120,EC-2B-66-01-0B-00-12-E0,2311977,0
2018.7.4,14:15:37,50149,E0-2B-66-01-0B-00-12-E0,2312154,0
2018.7.4,14:15:37,50120,EC-2B-66-01-0B-00-12-E0,2312377,0
2018.7.4,14:15:37,50149,E0-2B-66-01-0B-00-12-E0,2312554,0
2018.7.4,14:15:37,50120,EC-2B-66-01-0B-00-12-E0,2312809,0
2018.7.4,14:15:38,50149,E0-2B-66-01-0B-00-12-E0,2312954,0
2018.7.4,14:15:38,50120,EC-2B-66-01-0B-00-12-E0,2313243,0
2018.7.4,14:15:38,50149,E0-2B-66-01-0B-00-12-E0,2313387,0
2018.7.4,14:15:38,50120,EC-2B-66-01-0B-00-12-E0,2313644,0
2018.7.4,14:15:38,50149,E0-2B-66-01-0B-00-12-E0,2313787,0
2018.7.4,14:15:39,50120,EC-2B-66-01-0B-00-12-E0,2314076,0
2018.7.4,14:15:39,50149,E0-2B-66-01-0B-00-12-E0,2314184,0
2018.7.4,14:15:39,50120,EC-2B-66-01-0B-00-12-E0,2314478,0
2018.7.4,14:15:39,50149,E0-2B-66-01-0B-00-12-E0,2314587,0
2018.7.4,14:15:39,50120,EC-2B-66-01-0B-00-12-E0,2314910,0
2018.7.4,14:15:40,50149,E0-2B-66-01-0B-00-12-E0,2315019,0
2018.7.4,14:15:40,50120,EC-2B-66-01-0B-00-12-E0,2315378,0
2018.7.4,14:15:40,50149,E0-2B-66-01-0B-00-12-E0,2315453,0
2018.7.4,14:15:40,50120,EC-2B-66-01-0B-00-12-E0,2315744,0
2018.7.4,14:15:41,50120,EC-2B-66-01-0B-00-12-E0,2316179,0
2018.7.4,14:15:41,50149,E0-2B-66-01-0B-00-12-E0,2316221,0
2018.7.4,14:15:41,50120,EC-2B-66-01-0B-00-12-E0,2316612,0
2018.7.4,14:15:42,50120,EC-2B-66-01-0B-00-12-E0,2317043,0
2018.7.4,14:15:42,50120,EC-2B-66-01-0B-00-12-E0,2317431,0
2018.7.4,14:15:42,50120,EC-2B-66-01-0B-00-12-E0,2317859,0
2018.7.4,14:15:43,50120,EC-2B-66-01-0B-00-12-E0,2318293,0
2018.7.4,14:15:43,50120,EC-2B-66-01-0B-00-12-E0,2318694,0
2018.7.4,14:15:43,50149,E0-2B-66-01-0B-00-12-E0,2318769,0
2018.7.4,14:15:44,50120,EC-2B-66-01-0B-00-12-E0,2319128,0
2018.7.4,14:15:44,50120,EC-2B-66-01-0B-00-12-E0,2319527,0
2018.7.4,14:15:45,50120,EC-2B-66-01-0B-00-12-E0,2319961,0
2018.7.4,14:15:45,50120,EC-2B-66-01-0B-00-12-E0,2320394,0
2018.7.4,14:15:45,50120,EC-2B-66-01-0B-00-12-E0,2320829,0
2018.7.4,14:15:46,50120,EC-2B-66-01-0B-00-12-E0,2321226,0
2018.7.4,14:15:46,50120,EC-2B-66-01-0B-00-12-E0,2321655,0
2018.7.4,14:15:47,50120,EC-2B-66-01-0B-00-12-E0,2322062,0
2018.7.4,14:15:47,50120,EC-2B-66-01-0B-00-12-E0,2322495,0
2018.7.4,14:15:48,50120,EC-2B-66-01-0B-00-12-E0,2322929,0
2018.7.4,14:15:48,50120,EC-2B-66-01-0B-00-12-E0,2323311,0
2018.7.4,14:15:48,50120,EC-2B-66-01-0B-00-12-E0,2323746,0
2018.7.4,14:15:49,50120,EC-2B-66-01-0B-00-12-E0,2324153,0
2018.7.4,14:15:49,50120,EC-2B-66-01-0B-00-12-E0,2324592,0
2018.7.4,14:15:50,50120,EC-2B-66-01-0B-00-12-E0,2324993,0
2018.7.4,14:15:50,50120,EC-2B-66-01-0B-00-12-E0,2325426,0
2018.7.4,14:15:50,50120,EC-2B-66-01-0B-00-12-E0,2325859,0
2018.7.4,14:15:51,50120,EC-2B-66-01-0B-00-12-E0,2326294,0
2018.7.4,14:15:51,50120,EC-2B-66-01-0B-00-12-E0,2326726,0
2018.7.4,14:15:52,50120,EC-2B-66-01-0B-00-12-E0,2327126,0
2018.7.4,14:15:52,50120,EC-2B-66-01-0B-00-12-E0,2327526,0
2018.7.4,14:15:53,50120,EC-2B-66-01-0B-00-12-E0,2327959,0
2018.7.4,14:15:53,50120,EC-2B-66-01-0B-00-12-E0,2328395,0
2018.7.4,14:15:53,50120,EC-2B-66-01-0B-00-12-E0,2328798,0
2018.7.4,14:15:54,50120,EC-2B-66-01-0B-00-12-E0,2329563,0
2018.7.4,14:15:58,50149,E0-2B-66-01-0B-00-12-E0,2333708,0
2018.7.4,14:15:59,50149,E0-2B-66-01-0B-00-12-E0,2334137,0
2018.7.4,14:16:00,50120,EC-2B-66-01-0B-00-12-E0,2335696,0
2018.7.4,14:16:01,50149,E0-2B-66-01-0B-00-12-E0,2335983,0
2018.7.4,14:16:01,50120,EC-2B-66-01-0B-00-12-E0,2336108,0
2018.7.4,14:16:01,50120,EC-2B-66-01-0B-00-12-E0,2336554,0
2018.7.4,14:16:01,50149,E0-2B-66-01-0B-00-12-E0,2336701,0
2018.7.4,14:16:02,50120,EC-2B-66-01-0B-00-12-E0,2336931,0
2018.7.4,14:16:02,50149,E0-2B-66-01-0B-00-12-E0,2337112,0
2018.7.4,14:16:02,50149,E0-2B-66-01-0B-00-12-E0,2337559,0
2018.7.4,14:16:04,50149,E0-2B-66-01-0B-00-12-E0,2339041,0
2018.7.4,14:16:04,50149,E0-2B-66-01-0B-00-12-E0,2339464,0
2018.7.4,14:16:11,50121,55-2C-66-01-0B-00-12-E0,2345957,1
2018.7.4,14:16:11,50121,55-2C-66-01-0B-00-12-E0,2346398,0
2018.7.4,14:16:11,50121,55-2C-66-01-0B-00-12-E0,2346806,0
2018.7.4,14:16:12,50121,55-2C-66-01-0B-00-12-E0,2347237,0
2018.7.4,14:16:12,50121,55-2C-66-01-0B-00-12-E0,2347632,0
2018.7.4,14:16:13,50121,55-2C-66-01-0B-00-12-E0,2348067,0
2018.7.4,14:16:13,50121,55-2C-66-01-0B-00-12-E0,2348839,0
2018.7.4,14:16:14,50121,55-2C-66-01-0B-00-12-E0,2349634,0
2018.7.4,14:16:15,50121,55-2C-66-01-0B-00-12-E0,2350045,0
2018.7.4,14:16:15,50121,55-2C-66-01-0B-00-12-E0,2350456,0
2018.7.4,14:16:15,50121,55-2C-66-01-0B-00-12-E0,2350869,0
2018.7.4,14:16:16,50121,55-2C-66-01-0B-00-12-E0,2351316,0
2018.7.4,14:16:16,50121,55-2C-66-01-0B-00-12-E0,2351727,0
2018.7.4,14:16:17,50121,55-2C-66-01-0B-00-12-E0,2352144,0
2018.7.4,14:16:17,50121,55-2C-66-01-0B-00-12-E0,2352558,0
2018.7.4,14:16:18,50121,55-2C-66-01-0B-00-12-E0,2353007,0
2018.7.4,14:16:18,50121,55-2C-66-01-0B-00-12-E0,2353440,0
2018.7.4,14:16:18,50121,55-2C-66-01-0B-00-12-E0,2353840,0
2018.7.4,14:16:19,50121,55-2C-66-01-0B-00-12-E0,2354244,0
2018.7.4,14:16:19,50121,55-2C-66-01-0B-00-12-E0,2354688,0
2018.7.4,14:16:20,50121,55-2C-66-01-0B-00-12-E0,2355117,0
2018.7.4,14:16:20,50121,55-2C-66-01-0B-00-12-E0,2355516,0
2018.7.4,14:16:27,50149,E0-2B-66-01-0B-00-12-E0,2362257,0
2018.7.4,14:16:27,50136,19-2B-66-01-0B-00-12-E0,2362527,1
2018.7.4,14:16:27,50149,E0-2B-66-01-0B-00-12-E0,2362658,0
2018.7.4,14:16:28,50149,E0-2B-66-01-0B-00-12-E0,2363092,0
2018.7.4,14:16:28,50136,19-2B-66-01-0B-00-12-E0,2363230,0
2018.7.4,14:16:28,50149,E0-2B-66-01-0B-00-12-E0,2363540,0
2018.7.4,14:16:28,50136,19-2B-66-01-0B-00-12-E0,2363610,0
2018.7.4,14:16:29,50136,19-2B-66-01-0B-00-12-E0,2364307,0
2018.7.4,14:16:29,50136,19-2B-66-01-0B-00-12-E0,2364677,0
2018.7.4,14:16:30,50136,19-2B-66-01-0B-00-12-E0,2365043,0
2018.7.4,14:16:30,50136,19-2B-66-01-0B-00-12-E0,2365413,0
2018.7.4,14:16:32,50149,E0-2B-66-01-0B-00-12-E0,2367109,0
2018.7.4,14:16:59,50145,19-2B-66-01-0B-00-12-E0,2394424,1
2018.7.4,14:16:59,50145,19-2B-66-01-0B-00-12-E0,2394861,0
2018.7.4,14:17:00,50145,19-2B-66-01-0B-00-12-E0,2395264,0
2018.7.4,14:17:00,50145,19-2B-66-01-0B-00-12-E0,2395716,0
2018.7.4,14:17:11,50145,19-2B-66-01-0B-00-12-E0,2406020,0
2018.7.4,14:17:11,50145,19-2B-66-01-0B-00-12-E0,2406443,0
2018.7.4,14:17:11,50145,19-2B-66-01-0B-00-12-E0,2406863,0
2018.7.4,14:17:12,50145,19-2B-66-01-0B-00-12-E0,2407280,0
2018.7.4,14:17:12,50145,19-2B-66-01-0B-00-12-E0,2407692,0
2018.7.4,14:17:13,50145,19-2B-66-01-0B-00-12-E0,2408106,0
2018.7.4,14:17:13,50145,19-2B-66-01-0B-00-12-E0,2408522,0
2018.7.4,14:17:13,50149,E0-2B-66-01-0B-00-12-E0,2408664,1
2018.7.4,14:17:14,50145,19-2B-66-01-0B-00-12-E0,2409035,0
2018.7.4,14:17:31,50149,E0-2B-66-01-0B-00-12-E0,2426915,0
2018.7.4,14:17:34,50149,E0-2B-66-01-0B-00-12-E0,2429814,0
2018.7.4,14:17:35,50149,E0-2B-66-01-0B-00-12-E0,2430214,0
2018.7.4,14:17:35,50149,E0-2B-66-01-0B-00-12-E0,2430679,0
2018.7.4,14:17:36,50149,E0-2B-66-01-0B-00-12-E0,2431053,0
2018.7.4,14:17:36,50149,E0-2B-66-01-0B-00-12-E0,2431464,0
2018.7.4,14:17:36,50149,E0-2B-66-01-0B-00-12-E0,2431898,0
2018.7.4,14:17:37,50149,E0-2B-66-01-0B-00-12-E0,2432333,0
2018.7.4,14:17:37,50149,E0-2B-66-01-0B-00-12-E0,2432731,0
2018.7.4,14:17:38,50149,E0-2B-66-01-0B-00-12-E0,2433131,0
2018.7.4,14:17:38,50149,E0-2B-66-01-0B-00-12-E0,2433531,0
2018.7.4,14:17:39,50149,E0-2B-66-01-0B-00-12-E0,2433964,0
2018.7.4,14:17:54,50128,DA-2B-66-01-0B-00-12-E0,2449486,1
2018.7.4,14:17:57,50128,DA-2B-66-01-0B-00-12-E0,2452674,0
2018.7.4,14:17:58,50128,DA-2B-66-01-0B-00-12-E0,2453798,0
2018.7.4,14:17:59,50128,DA-2B-66-01-0B-00-12-E0,2454333,0
2018.7.4,14:18:00,50128,DA-2B-66-01-0B-00-12-E0,2455367,0
2018.7.4,14:18:04,50149,E0-2B-66-01-0B-00-12-E0,2459229,0
2018.7.4,14:18:13,50149,E0-2B-66-01-0B-00-12-E0,2468850,0
2018.7.4,14:18:14,50149,E0-2B-66-01-0B-00-12-E0,2469264,0
2018.7.4,14:18:14,50149,E0-2B-66-01-0B-00-12-E0,2469717,0
2018.7.4,14:18:15,50128,DA-2B-66-01-0B-00-12-E0,2470206,0
2018.7.4,14:18:15,50149,E0-2B-66-01-0B-00-12-E0,2470513,0
2018.7.4,14:18:15,50128,DA-2B-66-01-0B-00-12-E0,2470728,0
2018.7.4,14:18:16,50149,E0-2B-66-01-0B-00-12-E0,2470933,0
2018.7.4,14:18:16,50128,DA-2B-66-01-0B-00-12-E0,2471286,0
2018.7.4,14:18:16,50128,DA-2B-66-01-0B-00-12-E0,2471906,0
2018.7.4,14:18:19,50149,E0-2B-66-01-0B-00-12-E0,2474484,0
2018.7.4,14:18:19,50149,E0-2B-66-01-0B-00-12-E0,2474917,0
2018.7.4,14:18:20,50149,E0-2B-66-01-0B-00-12-E0,2475316,0
2018.7.4,14:18:20,50149,E0-2B-66-01-0B-00-12-E0,2475751,0
2018.7.4,14:18:21,50149,E0-2B-66-01-0B-00-12-E0,2476148,0
2018.7.4,14:18:21,50149,E0-2B-66-01-0B-00-12-E0,2476581,0
2018.7.4,14:18:22,50140,1D-2B-66-01-0B-00-12-E0,2476949,1
2018.7.4,14:18:22,50149,E0-2B-66-01-0B-00-12-E0,2476981,0
2018.7.4,14:18:22,50140,1D-2B-66-01-0B-00-12-E0,2477349,0
2018.7.4,14:18:22,50149,E0-2B-66-01-0B-00-12-E0,2477781,0
2018.7.4,14:18:23,50149,E0-2B-66-01-0B-00-12-E0,2478213,0
2018.7.4,14:18:23,50149,E0-2B-66-01-0B-00-12-E0,2478602,0
2018.7.4,14:18:23,50128,DA-2B-66-01-0B-00-12-E0,2478639,0
2018.7.4,14:18:26,50140,1D-2B-66-01-0B-00-12-E0,2481100,0
2018.7.4,14:18:26,50140,1D-2B-66-01-0B-00-12-E0,2481467,0
2018.7.4,14:18:26,50140,1D-2B-66-01-0B-00-12-E0,2481836,0
2018.7.4,14:18:29,50140,1D-2B-66-01-0B-00-12-E0,2484118,0
2018.7.4,14:18:29,50140,1D-2B-66-01-0B-00-12-E0,2484485,0
2018.7.4,14:18:36,50128,DA-2B-66-01-0B-00-12-E0,2490937,0
2018.7.4,14:18:38,50140,1D-2B-66-01-0B-00-12-E0,2493235,0
2018.7.4,14:18:38,50140,1D-2B-66-01-0B-00-12-E0,2493600,0
2018.7.4,14:18:39,50140,1D-2B-66-01-0B-00-12-E0,2493969,0
WARNING: 2 RFID event happened before it was written to file.
2018.7.4,14:18:39,50140,1D-2B-66-01-0B-00-12-E0,2494371,0
2018.7.4,14:18:41,50128,DA-2B-66-01-0B-00-12-E0,2496104,0
2018.7.4,14:18:41,50128,DA-2B-66-01-0B-00-12-E0,2496704,0
2018.7.4,14:18:46,50128,DA-2B-66-01-0B-00-12-E0,2501884,0
2018.7.4,14:18:48,50128,DA-2B-66-01-0B-00-12-E0,2503520,0
2018.7.4,14:18:49,50128,DA-2B-66-01-0B-00-12-E0,2504125,0
2018.7.4,14:19:04,50128,DA-2B-66-01-0B-00-12-E0,2518987,0
2018.7.4,14:19:04,50128,DA-2B-66-01-0B-00-12-E0,2519622,0
2018.7.4,14:19:06,50151,C7-2B-66-01-0B-00-12-E0,2521802,1
2018.7.4,14:19:07,50128,DA-2B-66-01-0B-00-12-E0,2522272,0
2018.7.4,14:19:08,50128,DA-2B-66-01-0B-00-12-E0,2523409,0
2018.7.4,14:19:09,50128,DA-2B-66-01-0B-00-12-E0,2524010,0
2018.7.4,14:19:10,50151,C7-2B-66-01-0B-00-12-E0,2525088,0
2018.7.4,14:19:10,50151,C7-2B-66-01-0B-00-12-E0,2525820,0
2018.7.4,14:19:24,50121,55-2C-66-01-0B-00-12-E0,2539502,1
2018.7.4,14:19:24,50121,55-2C-66-01-0B-00-12-E0,2539914,0
2018.7.4,14:19:25,50121,55-2C-66-01-0B-00-12-E0,2540333,0
2018.7.4,14:19:27,50121,55-2C-66-01-0B-00-12-E0,2542914,0
2018.7.4,14:19:29,50121,55-2C-66-01-0B-00-12-E0,2544382,0
2018.7.4,14:19:29,50121,55-2C-66-01-0B-00-12-E0,2544781,0
2018.7.4,14:19:30,50121,55-2C-66-01-0B-00-12-E0,2545216,0
2018.7.4,14:19:30,50121,55-2C-66-01-0B-00-12-E0,2545646,0
2018.7.4,14:19:31,50121,55-2C-66-01-0B-00-12-E0,2546048,0
2018.7.4,14:19:31,50121,55-2C-66-01-0B-00-12-E0,2546481,0
2018.7.4,14:19:31,50121,55-2C-66-01-0B-00-12-E0,2546880,0
2018.7.4,14:19:32,50121,55-2C-66-01-0B-00-12-E0,2547648,0
2018.7.4,14:19:33,50121,55-2C-66-01-0B-00-12-E0,2548116,0
2018.7.4,14:19:33,50121,55-2C-66-01-0B-00-12-E0,2548513,0
2018.7.4,14:19:34,50121,55-2C-66-01-0B-00-12-E0,2548944,0
2018.7.4,14:19:34,50121,55-2C-66-01-0B-00-12-E0,2549375,0
2018.7.4,14:19:34,50121,55-2C-66-01-0B-00-12-E0,2549786,0
2018.7.4,14:19:35,50121,55-2C-66-01-0B-00-12-E0,2550194,0
2018.7.4,14:19:35,50121,55-2C-66-01-0B-00-12-E0,2550606,0
2018.7.4,14:19:42,50149,E0-2B-66-01-0B-00-12-E0,2557092,1
2018.7.4,14:19:50,50151,C7-2B-66-01-0B-00-12-E0,2565070,1
2018.7.4,14:20:16,50128,DA-2B-66-01-0B-00-12-E0,2591387,1
2018.7.4,14:20:17,50124,E4-2B-66-01-0B-00-12-E0,2592166,1
2018.7.4,14:20:17,50124,E4-2B-66-01-0B-00-12-E0,2592617,0
2018.7.4,14:20:18,50124,E4-2B-66-01-0B-00-12-E0,2593058,0
2018.7.4,14:20:18,50124,E4-2B-66-01-0B-00-12-E0,2593475,0
2018.7.4,14:20:18,50124,E4-2B-66-01-0B-00-12-E0,2593864,0
2018.7.4,14:20:21,50124,E4-2B-66-01-0B-00-12-E0,2596808,0
2018.7.4,14:20:22,50124,E4-2B-66-01-0B-00-12-E0,2597212,0
2018.7.4,14:20:22,50124,E4-2B-66-01-0B-00-12-E0,2597620,0
2018.7.4,14:20:25,50151,C7-2B-66-01-0B-00-12-E0,2599952,1
2018.7.4,14:20:26,50124,E4-2B-66-01-0B-00-12-E0,2601257,0
2018.7.4,14:20:26,50124,E4-2B-66-01-0B-00-12-E0,2601701,0
2018.7.4,14:20:27,50124,E4-2B-66-01-0B-00-12-E0,2602119,0
2018.7.4,14:20:27,50124,E4-2B-66-01-0B-00-12-E0,2602570,0
2018.7.4,14:20:28,50124,E4-2B-66-01-0B-00-12-E0,2602949,0
2018.7.4,14:20:28,50124,E4-2B-66-01-0B-00-12-E0,2603747,0
2018.7.4,14:20:29,50124,E4-2B-66-01-0B-00-12-E0,2604165,0
2018.7.4,14:20:36,50124,E4-2B-66-01-0B-00-12-E0,2611710,0
2018.7.4,14:20:37,50124,E4-2B-66-01-0B-00-12-E0,2612124,0
2018.7.4,14:20:43,50151,C7-2B-66-01-0B-00-12-E0,2618545,0
2018.7.4,14:20:45,50151,C7-2B-66-01-0B-00-12-E0,2620720,0
2018.7.4,14:20:47,50135,55-2C-66-01-0B-00-12-E0,2621991,1
2018.7.4,14:20:47,50124,E4-2B-66-01-0B-00-12-E0,2622135,0
2018.7.4,14:20:47,50124,E4-2B-66-01-0B-00-12-E0,2622537,0
2018.7.4,14:20:48,50124,E4-2B-66-01-0B-00-12-E0,2622980,0
2018.7.4,14:20:48,50124,E4-2B-66-01-0B-00-12-E0,2623412,0
2018.7.4,14:20:48,50135,55-2C-66-01-0B-00-12-E0,2623609,0
2018.7.4,14:20:49,50124,E4-2B-66-01-0B-00-12-E0,2624884,0
2018.7.4,14:20:50,50124,E4-2B-66-01-0B-00-12-E0,2625323,0
2018.7.4,14:20:51,50135,55-2C-66-01-0B-00-12-E0,2626781,0
2018.7.4,14:20:52,50135,55-2C-66-01-0B-00-12-E0,2627413,0
2018.7.4,14:20:53,50135,55-2C-66-01-0B-00-12-E0,2628014,0
2018.7.4,14:20:53,50128,DA-2B-66-01-0B-00-12-E0,2628311,1
2018.7.4,14:20:53,50135,55-2C-66-01-0B-00-12-E0,2628732,0
2018.7.4,14:20:54,50128,DA-2B-66-01-0B-00-12-E0,2629030,0
2018.7.4,14:20:54,50128,DA-2B-66-01-0B-00-12-E0,2629640,0
2018.7.4,14:20:55,50128,DA-2B-66-01-0B-00-12-E0,2630265,0
2018.7.4,14:20:55,50135,55-2C-66-01-0B-00-12-E0,2630696,0
2018.7.4,14:20:56,50135,55-2C-66-01-0B-00-12-E0,2631313,0
2018.7.4,14:20:58,50132,EC-2B-66-01-0B-00-12-E0,2633364,1
2018.7.4,14:20:58,50135,55-2C-66-01-0B-00-12-E0,2633598,0
2018.7.4,14:20:59,50135,55-2C-66-01-0B-00-12-E0,2634263,0
2018.7.4,14:20:59,50135,55-2C-66-01-0B-00-12-E0,2634898,0
2018.7.4,14:21:00,50135,55-2C-66-01-0B-00-12-E0,2635502,0
2018.7.4,14:21:01,50132,EC-2B-66-01-0B-00-12-E0,2636029,0
2018.7.4,14:21:01,50132,EC-2B-66-01-0B-00-12-E0,2636662,0
2018.7.4,14:21:02,50132,EC-2B-66-01-0B-00-12-E0,2637262,0
2018.7.4,14:21:05,50128,DA-2B-66-01-0B-00-12-E0,2640796,0
2018.7.4,14:21:06,50128,DA-2B-66-01-0B-00-12-E0,2641460,0
2018.7.4,14:21:07,50128,DA-2B-66-01-0B-00-12-E0,2642060,0
2018.7.4,14:21:07,50128,DA-2B-66-01-0B-00-12-E0,2642696,0
2018.7.4,14:21:08,50128,DA-2B-66-01-0B-00-12-E0,2643242,0
2018.7.4,14:21:10,50149,E0-2B-66-01-0B-00-12-E0,2645617,1
2018.7.4,14:21:11,50149,E0-2B-66-01-0B-00-12-E0,2646023,0
2018.7.4,14:21:11,50149,E0-2B-66-01-0B-00-12-E0,2646456,0
2018.7.4,14:21:11,50149,E0-2B-66-01-0B-00-12-E0,2646856,0
2018.7.4,14:21:12,50149,E0-2B-66-01-0B-00-12-E0,2647257,0
2018.7.4,14:21:12,50149,E0-2B-66-01-0B-00-12-E0,2647660,0
2018.7.4,14:21:13,50149,E0-2B-66-01-0B-00-12-E0,2648111,0
2018.7.4,14:21:13,50149,E0-2B-66-01-0B-00-12-E0,2648541,0
2018.7.4,14:21:16,50149,E0-2B-66-01-0B-00-12-E0,2651030,0
2018.7.4,14:21:16,50149,E0-2B-66-01-0B-00-12-E0,2651442,0
2018.7.4,14:21:16,50149,E0-2B-66-01-0B-00-12-E0,2651858,0
2018.7.4,14:21:17,50149,E0-2B-66-01-0B-00-12-E0,2652309,0
2018.7.4,14:21:17,50149,E0-2B-66-01-0B-00-12-E0,2652696,0
2018.7.4,14:21:18,50149,E0-2B-66-01-0B-00-12-E0,2653115,0
2018.7.4,14:21:30,50149,E0-2B-66-01-0B-00-12-E0,2665605,0
2018.7.4,14:22:01,50121,55-2C-66-01-0B-00-12-E0,2696723,1
2018.7.4,14:22:02,50121,55-2C-66-01-0B-00-12-E0,2697506,0
2018.7.4,14:22:02,50121,55-2C-66-01-0B-00-12-E0,2697906,0
2018.7.4,14:22:03,50121,55-2C-66-01-0B-00-12-E0,2698309,0
2018.7.4,14:22:03,50121,55-2C-66-01-0B-00-12-E0,2698750,0
2018.7.4,14:22:04,50121,55-2C-66-01-0B-00-12-E0,2699172,0
2018.7.4,14:22:04,50121,55-2C-66-01-0B-00-12-E0,2699609,0
2018.7.4,14:22:05,50121,55-2C-66-01-0B-00-12-E0,2700008,0
2018.7.4,14:22:05,50121,55-2C-66-01-0B-00-12-E0,2700441,0
2018.7.4,14:22:05,50121,55-2C-66-01-0B-00-12-E0,2700840,0
2018.7.4,14:22:06,50121,55-2C-66-01-0B-00-12-E0,2701291,0
2018.7.4,14:22:06,50121,55-2C-66-01-0B-00-12-E0,2701711,0
2018.7.4,14:22:07,50121,55-2C-66-01-0B-00-12-E0,2702120,0
2018.7.4,14:22:07,50121,55-2C-66-01-0B-00-12-E0,2702524,0
2018.7.4,14:22:08,50121,55-2C-66-01-0B-00-12-E0,2702956,0
2018.7.4,14:22:08,50121,55-2C-66-01-0B-00-12-E0,2703398,0
2018.7.4,14:22:08,50121,55-2C-66-01-0B-00-12-E0,2703814,0
2018.7.4,14:22:09,50121,55-2C-66-01-0B-00-12-E0,2704233,0
2018.7.4,14:22:09,50121,55-2C-66-01-0B-00-12-E0,2704652,0
2018.7.4,14:22:10,50121,55-2C-66-01-0B-00-12-E0,2705091,0
2018.7.4,14:22:10,50121,55-2C-66-01-0B-00-12-E0,2705497,0
2018.7.4,14:22:26,50125,DA-2B-66-01-0B-00-12-E0,2721094,1
2018.7.4,14:22:28,50125,DA-2B-66-01-0B-00-12-E0,2723280,0
2018.7.4,14:23:04,50125,DA-2B-66-01-0B-00-12-E0,2759663,1
2018.7.4,14:23:05,50125,DA-2B-66-01-0B-00-12-E0,2760076,0
2018.7.4,14:23:05,50125,DA-2B-66-01-0B-00-12-E0,2760489,0
2018.7.4,14:23:05,50125,DA-2B-66-01-0B-00-12-E0,2760893,0
2018.7.4,14:23:06,50125,DA-2B-66-01-0B-00-12-E0,2761328,0
2018.7.4,14:23:08,50125,DA-2B-66-01-0B-00-12-E0,2763542,0
2018.7.4,14:23:09,50125,DA-2B-66-01-0B-00-12-E0,2763949,0
2018.7.4,14:23:09,50125,DA-2B-66-01-0B-00-12-E0,2764352,0
2018.7.4,14:23:09,50125,DA-2B-66-01-0B-00-12-E0,2764798,0
2018.7.4,14:23:10,50125,DA-2B-66-01-0B-00-12-E0,2765213,0
2018.7.4,14:23:10,50125,DA-2B-66-01-0B-00-12-E0,2765650,0
2018.7.4,14:23:22,50125,DA-2B-66-01-0B-00-12-E0,2777440,0
2018.7.4,14:23:22,50125,DA-2B-66-01-0B-00-12-E0,2777848,0
2018.7.4,14:23:24,50125,DA-2B-66-01-0B-00-12-E0,2779351,0
2018.7.4,14:23:24,50125,DA-2B-66-01-0B-00-12-E0,2779785,0
2018.7.4,14:23:25,50125,DA-2B-66-01-0B-00-12-E0,2780184,0
2018.7.4,14:23:25,50125,DA-2B-66-01-0B-00-12-E0,2780603,0
2018.7.4,14:23:26,50125,DA-2B-66-01-0B-00-12-E0,2781019,0
2018.7.4,14:23:27,50125,DA-2B-66-01-0B-00-12-E0,2782161,0
2018.7.4,14:23:27,50125,DA-2B-66-01-0B-00-12-E0,2782601,0
2018.7.4,14:23:29,50125,DA-2B-66-01-0B-00-12-E0,2784048,0
2018.7.4,14:23:29,50125,DA-2B-66-01-0B-00-12-E0,2784488,0
2018.7.4,14:23:29,50125,DA-2B-66-01-0B-00-12-E0,2784896,0
2018.7.4,14:23:33,50125,DA-2B-66-01-0B-00-12-E0,2788185,0
2018.7.4,14:23:33,50125,DA-2B-66-01-0B-00-12-E0,2788594,0
2018.7.4,14:23:34,50125,DA-2B-66-01-0B-00-12-E0,2788998,0
2018.7.4,14:23:34,50125,DA-2B-66-01-0B-00-12-E0,2789785,0
2018.7.4,14:23:35,50125,DA-2B-66-01-0B-00-12-E0,2790196,0
2018.7.4,14:23:35,50125,DA-2B-66-01-0B-00-12-E0,2790638,0
2018.7.4,14:23:36,50125,DA-2B-66-01-0B-00-12-E0,2791052,0
2018.7.4,14:23:36,50125,DA-2B-66-01-0B-00-12-E0,2791486,0
2018.7.4,14:23:36,50125,DA-2B-66-01-0B-00-12-E0,2791886,0
2018.7.4,14:23:37,50125,DA-2B-66-01-0B-00-12-E0,2792320,0
2018.7.4,14:23:37,50125,DA-2B-66-01-0B-00-12-E0,2792740,0
2018.7.4,14:23:38,50125,DA-2B-66-01-0B-00-12-E0,2793140,0
2018.7.4,14:23:38,50125,DA-2B-66-01-0B-00-12-E0,2793584,0
2018.7.4,14:23:39,50125,DA-2B-66-01-0B-00-12-E0,2793999,0
2018.7.4,14:23:40,50125,DA-2B-66-01-0B-00-12-E0,2795134,0
2018.7.4,14:23:43,50125,DA-2B-66-01-0B-00-12-E0,2798411,0
2018.7.4,14:23:43,50125,DA-2B-66-01-0B-00-12-E0,2798818,0
2018.7.4,14:24:30,50125,DA-2B-66-01-0B-00-12-E0,2845872,1
2018.7.4,14:24:31,50125,DA-2B-66-01-0B-00-12-E0,2846303,0
2018.7.4,14:24:31,50125,DA-2B-66-01-0B-00-12-E0,2846734,0
2018.7.4,14:24:47,50150,E0-2B-66-01-0B-00-12-E0,2862136,1
2018.7.4,14:24:47,50150,E0-2B-66-01-0B-00-12-E0,2862559,0
2018.7.4,14:24:47,50140,1D-2B-66-01-0B-00-12-E0,2862668,1
2018.7.4,14:24:48,50140,1D-2B-66-01-0B-00-12-E0,2863058,0
2018.7.4,14:24:49,50150,E0-2B-66-01-0B-00-12-E0,2864019,0
2018.7.4,14:24:49,50150,E0-2B-66-01-0B-00-12-E0,2864427,0
2018.7.4,14:24:49,50150,E0-2B-66-01-0B-00-12-E0,2864834,0
2018.7.4,14:24:50,50150,E0-2B-66-01-0B-00-12-E0,2865278,0
2018.7.4,14:24:50,50150,E0-2B-66-01-0B-00-12-E0,2865658,0
2018.7.4,14:24:51,50150,E0-2B-66-01-0B-00-12-E0,2866436,0
2018.7.4,14:24:51,50150,E0-2B-66-01-0B-00-12-E0,2866841,0
2018.7.4,14:24:52,50150,E0-2B-66-01-0B-00-12-E0,2867294,0
2018.7.4,14:24:54,50140,1D-2B-66-01-0B-00-12-E0,2869038,0
2018.7.4,14:24:54,50140,1D-2B-66-01-0B-00-12-E0,2869387,0
2018.7.4,14:24:54,50140,1D-2B-66-01-0B-00-12-E0,2869767,0
2018.7.4,14:25:45,50135,55-2C-66-01-0B-00-12-E0,2920607,1
2018.7.4,14:25:46,50135,55-2C-66-01-0B-00-12-E0,2921126,0
2018.7.4,14:25:48,50135,55-2C-66-01-0B-00-12-E0,2923193,0
2018.7.4,14:25:48,50135,55-2C-66-01-0B-00-12-E0,2923743,0
2018.7.4,14:25:49,50135,55-2C-66-01-0B-00-12-E0,2924352,0
2018.7.4,14:26:04,50150,E0-2B-66-01-0B-00-12-E0,2939154,1
2018.7.4,14:26:04,50150,E0-2B-66-01-0B-00-12-E0,2939535,0
2018.7.4,14:26:05,50150,E0-2B-66-01-0B-00-12-E0,2940305,0
2018.7.4,14:26:05,50150,E0-2B-66-01-0B-00-12-E0,2940724,0
2018.7.4,14:26:06,50150,E0-2B-66-01-0B-00-12-E0,2941140,0
2018.7.4,14:26:07,50125,DA-2B-66-01-0B-00-12-E0,2942912,1
2018.7.4,14:26:08,50125,DA-2B-66-01-0B-00-12-E0,2943326,0
2018.7.4,14:26:08,50125,DA-2B-66-01-0B-00-12-E0,2943759,0
2018.7.4,14:26:09,50125,DA-2B-66-01-0B-00-12-E0,2944192,0
2018.7.4,14:26:09,50125,DA-2B-66-01-0B-00-12-E0,2944604,0
2018.7.4,14:26:10,50125,DA-2B-66-01-0B-00-12-E0,2945008,0
2018.7.4,14:26:11,50150,E0-2B-66-01-0B-00-12-E0,2946160,0
2018.7.4,14:26:11,50150,E0-2B-66-01-0B-00-12-E0,2946551,0
2018.7.4,14:26:13,50150,E0-2B-66-01-0B-00-12-E0,2948045,0
2018.7.4,14:26:13,50150,E0-2B-66-01-0B-00-12-E0,2948499,0
2018.7.4,14:26:17,50150,E0-2B-66-01-0B-00-12-E0,2952819,0
2018.7.4,14:26:18,50150,E0-2B-66-01-0B-00-12-E0,2953201,0
2018.7.4,14:27:24,50125,DA-2B-66-01-0B-00-12-E0,3019618,1
2018.7.4,14:27:25,50125,DA-2B-66-01-0B-00-12-E0,3020029,0
2018.7.4,14:27:25,50124,E4-2B-66-01-0B-00-12-E0,3020134,1
2018.7.4,14:27:25,50124,E4-2B-66-01-0B-00-12-E0,3020540,0
2018.7.4,14:27:26,50124,E4-2B-66-01-0B-00-12-E0,3020967,0
2018.7.4,14:27:27,50150,E0-2B-66-01-0B-00-12-E0,3022602,1
2018.7.4,14:27:28,50150,E0-2B-66-01-0B-00-12-E0,3023020,0
2018.7.4,14:27:28,50150,E0-2B-66-01-0B-00-12-E0,3023453,0
WARNING: 2 RFID event happened before it was written to file.
2018.7.4,14:27:28,50150,E0-2B-66-01-0B-00-12-E0,3023855,0
WARNING: 2 RFID event happened before it was written to file.
2018.7.4,14:27:29,50125,DA-2B-66-01-0B-00-12-E0,3024273,0
WARNING: 2 RFID event happened before it was written to file.
2018.7.4,14:27:29,50150,E0-2B-66-01-0B-00-12-E0,3024690,0
2018.7.4,14:27:30,50125,DA-2B-66-01-0B-00-12-E0,3025076,0
2018.7.4,14:27:30,50150,E0-2B-66-01-0B-00-12-E0,3025089,0
2018.7.4,14:27:30,50125,DA-2B-66-01-0B-00-12-E0,3025512,0
2018.7.4,14:27:30,50150,E0-2B-66-01-0B-00-12-E0,3025526,0
